,Name,club,Appearances,Wins,Losses,Clean_sheets,Goals_conceded,Tackles,Tackle_success_perc,Last_man_tackles,Blocked_shots,Interceptions,Clearances,Headed_clearances,Clearances_off_the_line,Recoveries,Duels_won,Duels_lost,Successful_50_50s,Aerial_battles_won,Aerial_battles_lost,Own_goals,Errors_leading_to_goals,Goals,Goals_per_match,Headed_goals,Goals_with_right_foot,Goals_with_left_foot,Penalties_scored,Freekicks_scored,Shots,Shot_on_target,Shot_accuracy,Hit_the_woodwork,Big_chances_missed,Yellow_cards,Red_cards,Fouls_commited,Offsides,Assists,Passes,Passes_per_match,Big_chances_created,Crosses,Cross_accuracy_perc,Through_balls,Accurate_long_balls
0,Max Aarons,['Norwich City'],36,4,26,5.0,71.0,48.0,63.0,0.0,6.0,37.0,73.0,28.0,2.0,178.0,167.0,175.0,48.0,22.0,50.0,0.0,0.0,0,,0.0,0.0,0.0,,,,,,0.0,,7,0,29,3.0,1,1339,37.19,7.0,73.0,22.0,0.0,38.0
2,Tammy Abraham,"['Aston Villa (Loan)', 'Chelsea', 'Chelsea']",34,19,10,,,8.0,,,14.0,6.0,27.0,23.0,,,,,,,,,,15,0.44,3.0,12.0,0.0,0.0,0.0,88.0,40.0,45.0,3.0,22.0,2,0,17,23.0,3,407,11.97,3.0,11.0,,,
3,Che Adams,['Southampton'],30,13,12,,,6.0,,,14.0,2.0,9.0,3.0,,,,,,,,,,4,0.13,0.0,4.0,0.0,0.0,0.0,36.0,10.0,28.0,1.0,8.0,0,0,17,10.0,2,248,8.27,5.0,13.0,,,
7,Adrián,"['Liverpool', 'West Ham United']",11,11,0,2.0,10.0,,,,,,,,,,,,,,,0.0,2.0,0,,,,,,,,,,,,1,0,0,,0,260,23.64,,,,,50.0
11,Sergio Agüero,['Manchester City'],24,16,6,,,7.0,,,22.0,3.0,2.0,0.0,,,,,,,,,,16,0.67,2.0,12.0,2.0,2.0,0.0,76.0,28.0,37.0,5.0,12.0,1,0,9,6.0,3,354,14.75,4.0,9.0,,,
14,Ahmed El Mohamady,['Aston Villa'],18,4,10,2.0,28.0,19.0,47.0,0.0,1.0,13.0,22.0,10.0,0.0,73.0,60.0,51.0,7.0,30.0,21.0,0.0,0.0,1,,1.0,0.0,0.0,,,,,,0.0,,1,0,13,2.0,1,498,27.67,3.0,58.0,33.0,0.0,33.0
16,Albian Ajeti,"['West Ham United', 'West Ham United']",9,0,7,,,1.0,,,2.0,0.0,0.0,0.0,,,,,,,,,,0,0.0,0.0,0.0,0.0,0.0,0.0,3.0,0.0,0.0,0.0,0.0,0,0,6,2.0,0,15,1.67,0.0,0.0,,,
17,Nathan Aké,"['AFC Bournemouth', 'AFC Bournemouth']",29,7,16,4.0,46.0,31.0,68.0,0.0,6.0,36.0,147.0,78.0,0.0,140.0,107.0,83.0,3.0,62.0,63.0,0.0,0.0,2,,1.0,0.0,1.0,,,,,,1.0,,2,0,9,3.0,2,1210,41.72,2.0,5.0,0.0,1.0,53.0
19,Marc Albrighton,['Leicester City'],20,8,7,,,24.0,71.0,,3.0,10.0,7.0,4.0,,67.0,52.0,63.0,14.0,3.0,7.0,,0.0,0,0.0,0.0,0.0,0.0,0.0,0.0,10.0,2.0,20.0,1.0,0.0,2,0,7,1.0,3,407,20.35,5.0,69.0,16.0,3.0,23.0
20,Toby Alderweireld,['Tottenham Hotspur'],33,15,9,7.0,39.0,40.0,73.0,0.0,3.0,31.0,170.0,82.0,1.0,154.0,117.0,109.0,0.0,73.0,73.0,1.0,0.0,2,,1.0,1.0,0.0,,,,,,0.0,,7,0,18,1.0,2,1978,59.94,2.0,9.0,44.0,12.0,141.0
22,Trent Alexander-Arnold,['Liverpool'],38,32,3,12.0,32.0,55.0,62.0,1.0,17.0,45.0,70.0,29.0,0.0,221.0,100.0,135.0,21.0,16.0,30.0,0.0,1.0,4,,0.0,4.0,0.0,,,,,,0.0,,5,0,22,3.0,13,2440,64.21,18.0,382.0,21.0,5.0,192.0
24,Alisson,['Liverpool'],29,23,3,13.0,23.0,,,,,,,,,,,,,,,0.0,1.0,0,,,,,,,,,,,,0,1,1,,1,805,27.76,,,,,115.0
26,Dele Alli,['Tottenham Hotspur'],25,9,8,,,34.0,47.0,,7.0,17.0,14.0,8.0,,103.0,115.0,150.0,29.0,19.0,40.0,,0.0,8,0.32,0.0,6.0,2.0,1.0,0.0,42.0,19.0,45.0,0.0,7.0,2,0,12,6.0,4,810,32.4,6.0,7.0,0.0,4.0,17.0
27,Miguel Almirón,['Newcastle United'],36,11,14,,,60.0,65.0,,19.0,31.0,16.0,7.0,,189.0,174.0,170.0,46.0,10.0,28.0,,0.0,4,0.11,0.0,2.0,2.0,0.0,0.0,56.0,17.0,30.0,1.0,9.0,5,0,30,24.0,2,829,23.03,3.0,41.0,17.0,2.0,20.0
28,Marcos Alonso,['Chelsea'],18,13,4,5.0,18.0,28.0,57.0,0.0,11.0,20.0,25.0,15.0,0.0,96.0,97.0,80.0,12.0,42.0,31.0,0.0,0.0,4,,1.0,0.0,3.0,,,,,,1.0,,4,0,16,2.0,2,908,50.44,4.0,66.0,30.0,1.0,26.0
29,Steven Alzate,"['Brighton and Hove Albion', 'Leyton Orient']",19,5,8,,,33.0,,,6.0,14.0,11.0,9.0,,,,,,,,,,0,0.0,0.0,0.0,0.0,0.0,0.0,13.0,3.0,23.0,0.0,1.0,1,0,17,3.0,0,603,31.74,0.0,8.0,,,
30,Ibrahim Amadou,['Norwich City (Loan)'],11,2,7,,,18.0,61.0,,0.0,16.0,55.0,31.0,,39.0,38.0,31.0,2.0,16.0,13.0,,0.0,0,0.0,0.0,0.0,0.0,0.0,0.0,6.0,1.0,17.0,0.0,1.0,1,0,8,0.0,0,369,33.55,0.0,1.0,100.0,0.0,15.0
35,Florin Andone,"['Brighton and Hove Albion', 'Brighton and Hove Albion', 'Brighton and Hove Albion']",3,1,1,,,1.0,,,0.0,0.0,1.0,1.0,,,,,,,,,,1,0.33,0.0,1.0,0.0,0.0,0.0,1.0,1.0,100.0,0.0,0.0,0,1,2,0.0,0,12,4.0,0.0,0.0,,,
36,André Gomes,"['Everton', 'Everton (Loan)']",19,6,7,,,22.0,68.0,,0.0,7.0,6.0,4.0,,122.0,83.0,137.0,25.0,17.0,12.0,,0.0,0,0.0,0.0,0.0,0.0,0.0,0.0,5.0,0.0,0.0,0.0,0.0,6,0,38,0.0,1,851,44.79,1.0,12.0,25.0,3.0,85.0
37,Andreas Pereira,['Manchester United'],25,12,6,,,24.0,54.0,,9.0,7.0,5.0,1.0,,85.0,70.0,142.0,20.0,10.0,34.0,,0.0,1,0.04,0.0,0.0,1.0,0.0,0.0,37.0,14.0,38.0,0.0,1.0,3,0,27,3.0,3,703,28.12,6.0,65.0,15.0,2.0,30.0
38,Angel Gomes,['Manchester United'],2,1,1,,,0.0,0.0,,0.0,0.0,0.0,0.0,,0.0,0.0,1.0,0.0,0.0,0.0,,0.0,0,0.0,0.0,0.0,0.0,0.0,0.0,0.0,0.0,0.0,0.0,0.0,0,0,1,0.0,0,13,6.5,0.0,0.0,0.0,1.0,2.0
39,Angeliño,"['Manchester City', 'Manchester City']",6,4,2,0.0,7.0,5.0,40.0,0.0,2.0,9.0,15.0,7.0,0.0,29.0,17.0,15.0,4.0,6.0,7.0,0.0,0.0,0,,0.0,0.0,0.0,,,,,,1.0,,1,0,2,0.0,0,338,56.33,3.0,43.0,21.0,0.0,7.0
40,Faustino Anjorin,"['Chelsea', 'Chelsea']",1,1,0,,,0.0,0.0,,0.0,0.0,0.0,0.0,,1.0,2.0,2.0,1.0,0.0,0.0,,0.0,0,0.0,0.0,0.0,0.0,0.0,0.0,1.0,0.0,0.0,0.0,0.0,0,0,0,0.0,0,7,7.0,0.0,0.0,0.0,0.0,0.0
41,Michail Antonio,['West Ham United'],24,7,12,,,13.0,69.0,,14.0,9.0,5.0,5.0,,62.0,201.0,233.0,65.0,91.0,109.0,,0.0,10,0.42,2.0,7.0,1.0,1.0,0.0,68.0,31.0,46.0,2.0,14.0,3,0,41,11.0,3,446,18.58,7.0,48.0,21.0,5.0,9.0
43,Stuart Armstrong,['Southampton'],30,13,11,,,32.0,59.0,,11.0,11.0,22.0,9.0,,106.0,95.0,131.0,30.0,14.0,30.0,,0.0,5,0.17,0.0,3.0,2.0,0.0,0.0,46.0,20.0,43.0,0.0,1.0,4,0,25,4.0,3,579,19.3,2.0,23.0,22.0,2.0,12.0
45,Kepa Arrizabalaga,['Chelsea'],33,18,11,8.0,47.0,,,,,,,,,,,,,,,0.0,0.0,0,,,,,,,,,,,,0,0,0,,0,938,28.42,,,,,131.0
50,Christian Atsu,['Newcastle United'],19,5,8,,,10.0,80.0,,1.0,5.0,6.0,4.0,,42.0,42.0,71.0,16.0,7.0,14.0,,0.0,0,0.0,0.0,0.0,0.0,0.0,0.0,5.0,1.0,20.0,0.0,0.0,2,0,11,4.0,3,198,10.42,2.0,17.0,41.0,1.0,5.0
51,Pierre-Emerick Aubameyang,['Arsenal'],36,14,10,,,31.0,,,23.0,14.0,13.0,4.0,,,,,,,,,,22,0.61,3.0,16.0,3.0,2.0,1.0,93.0,42.0,45.0,4.0,10.0,3,1,14,20.0,3,817,22.69,7.0,89.0,,,
52,Serge Aurier,['Tottenham Hotspur'],33,15,9,6.0,32.0,93.0,74.0,0.0,6.0,47.0,84.0,48.0,0.0,165.0,224.0,187.0,39.0,70.0,64.0,1.0,1.0,1,,0.0,0.0,1.0,,,,,,0.0,,2,1,41,6.0,5,1281,38.82,4.0,137.0,15.0,0.0,33.0
55,Jordan Ayew,"['Crystal Palace', 'Crystal Palace (Loan)']",37,11,16,,,48.0,,,14.0,15.0,20.0,15.0,,,,,,,,,,9,0.24,1.0,7.0,1.0,0.0,0.0,58.0,24.0,41.0,1.0,5.0,6,0,59,9.0,2,814,22.0,4.0,25.0,,,
56,César Azpilicueta,['Chelsea'],36,19,11,7.0,53.0,86.0,65.0,0.0,9.0,67.0,81.0,40.0,1.0,172.0,205.0,158.0,12.0,93.0,64.0,0.0,0.0,2,,0.0,2.0,0.0,,,,,,0.0,,1,0,40,3.0,6,2435,67.64,8.0,121.0,25.0,0.0,80.0
59,Eric Bailly,['Manchester United'],4,3,0,1.0,1.0,0.0,0.0,0.0,0.0,4.0,7.0,3.0,0.0,9.0,9.0,3.0,1.0,8.0,0.0,0.0,0.0,0,,0.0,0.0,0.0,,,,,,0.0,,0,0,2,0.0,0,78,19.5,0.0,0.0,0.0,0.0,4.0
60,Leighton Baines,"['Everton', 'Everton']",8,3,3,0.0,8.0,10.0,60.0,0.0,0.0,5.0,10.0,4.0,0.0,17.0,21.0,14.0,2.0,5.0,7.0,0.0,0.0,0,,0.0,0.0,0.0,,,,,,0.0,,0,0,1,0.0,0,155,19.38,1.0,27.0,37.0,0.0,3.0
63,Fabián Balbuena,['West Ham United'],17,6,9,3.0,24.0,17.0,71.0,0.0,2.0,26.0,71.0,43.0,0.0,65.0,74.0,59.0,2.0,54.0,37.0,0.0,2.0,1,,0.0,1.0,0.0,,,,,,0.0,,2,0,6,0.0,0,503,29.59,1.0,1.0,0.0,1.0,35.0
64,George Baldock,['Sheffield United'],38,14,12,13.0,39.0,62.0,69.0,0.0,3.0,34.0,69.0,35.0,0.0,167.0,186.0,172.0,42.0,39.0,57.0,0.0,1.0,2,,0.0,2.0,0.0,,,,,,0.0,,7,0,47,11.0,3,1118,29.42,2.0,128.0,29.0,0.0,22.0
70,Phil Bardsley,['Burnley'],21,10,6,9.0,19.0,49.0,73.0,0.0,4.0,30.0,66.0,36.0,1.0,80.0,102.0,77.0,4.0,38.0,26.0,0.0,0.0,0,,0.0,0.0,0.0,,,,,,0.0,,6,0,35,0.0,1,658,31.33,3.0,33.0,18.0,3.0,49.0
71,Ross Barkley,['Chelsea'],21,13,4,,,16.0,56.0,,16.0,7.0,7.0,3.0,,69.0,70.0,80.0,27.0,12.0,13.0,,0.0,1,0.05,0.0,0.0,1.0,0.0,0.0,40.0,12.0,30.0,1.0,3.0,0,0,9,0.0,4,618,29.43,2.0,12.0,17.0,6.0,39.0
73,Ashley Barnes,['Burnley'],19,7,9,,,10.0,,,8.0,6.0,8.0,4.0,,,,,,,,,,6,0.32,0.0,6.0,0.0,1.0,0.0,40.0,12.0,30.0,0.0,7.0,4,0,35,13.0,0,251,13.21,0.0,5.0,,,
76,Chris Basham,['Sheffield United'],38,14,12,12.0,37.0,85.0,56.0,0.0,0.0,77.0,167.0,102.0,0.0,188.0,247.0,140.0,24.0,109.0,62.0,0.0,1.0,0,,0.0,0.0,0.0,,,,,,0.0,,4,0,26,5.0,1,1316,34.63,2.0,51.0,12.0,0.0,70.0
79,Michy Batshuayi,"['Crystal Palace (Loan)', 'Chelsea']",16,7,6,,,4.0,,,4.0,0.0,1.0,1.0,,,,,,,,,,1,0.06,0.0,0.0,1.0,0.0,0.0,15.0,2.0,13.0,0.0,4.0,0,0,4,7.0,1,78,4.88,0.0,0.0,,,
84,Jan Bednarek,['Lech Poznan'],34,12,15,7.0,57.0,65.0,58.0,1.0,1.0,77.0,193.0,90.0,0.0,161.0,204.0,109.0,2.0,127.0,47.0,1.0,3.0,1,,0.0,1.0,0.0,,,,,,0.0,,4,0,33,0.0,1,1537,45.21,1.0,1.0,0.0,0.0,85.0
86,Héctor Bellerín,['Arsenal'],15,6,5,3.0,18.0,20.0,65.0,0.0,2.0,19.0,24.0,9.0,0.0,54.0,54.0,74.0,18.0,13.0,16.0,0.0,0.0,1,,0.0,0.0,1.0,,,,,,0.0,,2,0,15,1.0,0,570,38.0,1.0,27.0,7.0,0.0,14.0
89,Ryan Bennett,"['Leicester City (Loan)', 'Leicester City (Loan)', 'Wolverhampton Wanderers', 'Wolverhampton Wanderers']",16,6,5,2.0,17.0,9.0,67.0,0.0,0.0,16.0,36.0,17.0,0.0,54.0,38.0,38.0,0.0,28.0,24.0,0.0,0.0,0,,0.0,0.0,0.0,,,,,,0.0,,2,0,7,0.0,0,433,27.06,0.0,6.0,33.0,0.0,23.0
92,Nabil Bentaleb,"['Newcastle United (Loan)', 'Newcastle United (Loan)']",12,2,6,,,23.0,57.0,,2.0,19.0,9.0,5.0,,46.0,50.0,54.0,8.0,14.0,13.0,,1.0,0,0.0,0.0,0.0,0.0,0.0,0.0,4.0,0.0,0.0,0.0,0.0,2,0,19,0.0,0,406,33.83,0.0,2.0,0.0,0.0,25.0
93,Christian Benteke,['Crystal Palace'],24,8,11,,,9.0,,,7.0,4.0,28.0,20.0,,,,,,,,,,2,0.08,0.0,2.0,0.0,0.0,0.0,41.0,19.0,46.0,3.0,3.0,4,1,25,12.0,1,337,14.04,4.0,5.0,,,
94,Sander Berge,['Sheffield United'],14,6,5,,,22.0,68.0,,1.0,10.0,13.0,8.0,,56.0,77.0,50.0,15.0,35.0,16.0,,0.0,1,0.07,0.0,1.0,0.0,0.0,0.0,5.0,2.0,40.0,0.0,1.0,0,0,18,1.0,1,368,26.29,1.0,22.0,9.0,0.0,13.0
95,Steven Bergwijn,['Tottenham Hotspur'],14,7,3,,,10.0,,,3.0,1.0,5.0,1.0,,,,,,,,,,3,0.21,0.0,3.0,0.0,0.0,0.0,9.0,4.0,44.0,0.0,0.0,2,0,7,0.0,1,244,17.43,1.0,10.0,,,
97,Bernard,['Everton'],27,9,10,,,32.0,,,5.0,16.0,7.0,2.0,,,,,,,,,,3,0.11,0.0,3.0,0.0,0.0,0.0,12.0,5.0,42.0,1.0,1.0,2,0,19,0.0,2,540,20.0,3.0,36.0,,,
98,Bernardo,['Brighton and Hove Albion'],14,3,6,0.0,17.0,27.0,59.0,0.0,3.0,6.0,20.0,12.0,0.0,49.0,69.0,30.0,8.0,31.0,8.0,0.0,0.0,0,,0.0,0.0,0.0,,,,,,0.0,,1,0,3,4.0,0,330,23.57,3.0,17.0,18.0,0.0,12.0
100,Bernardo Silva,['Manchester City'],34,22,9,,,36.0,50.0,,23.0,24.0,12.0,6.0,,129.0,110.0,112.0,40.0,14.0,24.0,,0.0,6,0.18,1.0,0.0,5.0,0.0,0.0,52.0,15.0,29.0,2.0,6.0,5,0,23,2.0,7,1374,40.41,8.0,72.0,24.0,1.0,39.0
101,Ryan Bertrand,['Southampton'],32,13,14,7.0,44.0,47.0,62.0,0.0,4.0,37.0,28.0,11.0,0.0,118.0,149.0,147.0,11.0,59.0,58.0,0.0,0.0,1,,0.0,1.0,0.0,,,,,,0.0,,3,1,27,1.0,1,1229,38.41,4.0,122.0,30.0,2.0,43.0
102,Muhamed Besic,"['Sheffield United (Loan)', 'Everton', 'Everton (Loan)', 'Everton']",9,4,3,,,8.0,75.0,,0.0,1.0,6.0,4.0,,17.0,22.0,14.0,7.0,5.0,3.0,,0.0,0,0.0,0.0,0.0,0.0,0.0,0.0,4.0,2.0,50.0,0.0,0.0,2,0,6,0.0,0,106,11.78,0.0,1.0,0.0,0.0,6.0
103,Philip Billing,['AFC Bournemouth'],34,9,19,,,72.0,64.0,,6.0,66.0,94.0,55.0,,162.0,228.0,202.0,22.0,111.0,78.0,,1.0,1,0.03,0.0,0.0,1.0,0.0,0.0,33.0,8.0,24.0,0.0,2.0,8,0,38,2.0,1,1154,33.94,2.0,14.0,7.0,1.0,43.0
106,Yves Bissouma,['Brighton and Hove Albion'],22,5,9,,,49.0,78.0,,2.0,21.0,21.0,9.0,,105.0,112.0,108.0,32.0,17.0,16.0,,0.0,1,0.05,0.0,1.0,0.0,0.0,0.0,16.0,7.0,44.0,1.0,0.0,4,0,31,0.0,0,619,28.14,0.0,6.0,17.0,3.0,35.0
112,Willy Boly,['Wolverhampton Wanderers'],22,9,4,12.0,15.0,57.0,58.0,0.0,2.0,39.0,103.0,62.0,0.0,117.0,160.0,75.0,9.0,87.0,29.0,0.0,0.0,0,,0.0,0.0,0.0,,,,,,0.0,,1,1,24,1.0,1,984,44.73,2.0,2.0,0.0,0.0,39.0
113,Gaëtan Bong,['Brighton and Hove Albion'],4,1,1,0.0,3.0,1.0,0.0,0.0,0.0,0.0,0.0,0.0,0.0,3.0,3.0,5.0,1.0,0.0,3.0,0.0,0.0,0,,0.0,0.0,0.0,,,,,,0.0,,0,0,0,0.0,0,27,6.75,0.0,6.0,17.0,0.0,1.0
114,Borja Bastón,['Aston Villa'],2,0,2,,,1.0,,,0.0,0.0,0.0,0.0,,,,,,,,,,0,0.0,0.0,0.0,0.0,0.0,0.0,0.0,0.0,0.0,0.0,0.0,0,0,0,0.0,0,6,3.0,0.0,0.0,,,
116,Sofiane Boufal,['Southampton'],20,5,11,,,16.0,50.0,,6.0,4.0,0.0,0.0,,45.0,96.0,116.0,53.0,7.0,11.0,,0.0,0,0.0,0.0,0.0,0.0,0.0,0.0,18.0,7.0,39.0,0.0,1.0,2,0,25,2.0,2,288,14.4,4.0,27.0,11.0,1.0,6.0
118,Jarrod Bowen,['West Ham United'],13,4,6,,,19.0,,,10.0,16.0,4.0,1.0,,,,,,,,,,1,0.08,0.0,0.0,1.0,0.0,0.0,24.0,7.0,29.0,2.0,2.0,0,0,4,1.0,4,213,16.38,4.0,60.0,,,
121,Robbie Brady,['Burnley'],17,5,10,,,11.0,82.0,,5.0,5.0,7.0,4.0,,36.0,33.0,38.0,6.0,12.0,9.0,,0.0,1,0.06,0.0,0.0,1.0,0.0,0.0,12.0,1.0,8.0,1.0,0.0,1,0,8,1.0,2,151,8.88,1.0,14.0,7.0,2.0,4.0
122,Jarrad Branthwaite,['Everton'],4,1,2,1.0,6.0,8.0,88.0,0.0,0.0,2.0,11.0,7.0,0.0,18.0,20.0,21.0,1.0,9.0,15.0,0.0,0.0,0,,0.0,0.0,0.0,,,,,,0.0,,0,0,4,0.0,0,223,55.75,0.0,0.0,0.0,0.0,13.0
123,Claudio Bravo,"['Manchester City', 'Manchester City']",4,2,2,1.0,7.0,,,,,,,,,,,,,,,0.0,0.0,0,,,,,,,,,,,,0,0,0,,0,119,29.75,,,,,22.0
127,Armando Broja,"['Chelsea', 'Chelsea']",1,1,0,,,0.0,,,0.0,0.0,0.0,0.0,,,,,,,,,,0,0.0,0.0,0.0,0.0,0.0,0.0,0.0,0.0,0.0,0.0,0.0,0,0,0,0.0,0,1,1.0,0.0,0.0,,,
128,David Brooks,['AFC Bournemouth'],9,2,6,,,5.0,100.0,,3.0,2.0,1.0,1.0,,13.0,23.0,42.0,12.0,0.0,7.0,,0.0,1,0.11,0.0,0.0,1.0,0.0,0.0,6.0,2.0,33.0,1.0,0.0,1,0,4,0.0,0,153,17.0,0.0,24.0,25.0,0.0,4.0
130,Josh Brownhill,['Burnley'],10,5,2,,,14.0,57.0,,2.0,14.0,17.0,8.0,,43.0,48.0,36.0,7.0,20.0,18.0,,0.0,0,0.0,0.0,0.0,0.0,0.0,0.0,6.0,0.0,0.0,0.0,1.0,2,0,6,0.0,0,331,33.1,0.0,2.0,0.0,0.0,10.0
132,Bruno Fernandes,['Manchester United'],14,9,0,,,22.0,55.0,,7.0,11.0,14.0,9.0,,67.0,54.0,72.0,15.0,3.0,11.0,,0.0,8,0.57,0.0,8.0,0.0,4.0,1.0,44.0,18.0,41.0,3.0,4.0,2,0,9,2.0,7,777,55.5,3.0,75.0,19.0,8.0,46.0
133,Bruno Jordão,['Wolverhampton Wanderers'],1,0,1,,,0.0,0.0,,0.0,0.0,0.0,0.0,,2.0,0.0,0.0,0.0,0.0,0.0,,0.0,0,0.0,0.0,0.0,0.0,0.0,0.0,0.0,0.0,0.0,0.0,0.0,0,0,0,0.0,0,6,6.0,0.0,0.0,0.0,0.0,0.0
135,Emiliano Buendía,['Norwich City'],36,5,25,,,82.0,48.0,,13.0,23.0,24.0,10.0,,187.0,267.0,286.0,102.0,29.0,51.0,,2.0,1,0.03,0.0,0.0,1.0,0.0,0.0,40.0,11.0,28.0,0.0,1.0,6,1,36,2.0,7,1407,39.08,9.0,164.0,25.0,17.0,90.0
138,Dan Burn,['Brighton and Hove Albion'],34,9,13,9.0,42.0,67.0,63.0,0.0,3.0,42.0,122.0,76.0,0.0,156.0,239.0,157.0,19.0,141.0,53.0,0.0,0.0,0,,0.0,0.0,0.0,,,,,,1.0,,5,0,32,3.0,0,1569,46.15,2.0,51.0,20.0,3.0,45.0
145,Sam Byram,"['Norwich City', 'West Ham United']",17,4,9,3.0,23.0,40.0,55.0,0.0,5.0,26.0,61.0,33.0,0.0,73.0,97.0,87.0,6.0,43.0,39.0,0.0,0.0,0,,0.0,0.0,0.0,,,,,,1.0,,4,0,16,1.0,0,636,37.41,0.0,7.0,14.0,0.0,15.0
146,Willy Caballero,['Chelsea'],5,2,1,1.0,7.0,,,,,,,,,,,,,,,0.0,0.0,0,,,,,,,,,,,,0,0,0,,0,147,29.4,,,,,31.0
147,Gary Cahill,"['Crystal Palace', 'Crystal Palace', 'Chelsea']",25,8,12,7.0,35.0,15.0,53.0,0.0,8.0,18.0,111.0,56.0,0.0,98.0,115.0,77.0,4.0,87.0,52.0,0.0,0.0,0,,0.0,0.0,0.0,,,,,,0.0,,1,0,14,0.0,1,1004,40.16,1.0,0.0,0.0,0.0,73.0
149,Dominic Calvert-Lewin,['Everton'],36,12,14,,,7.0,,,15.0,6.0,36.0,33.0,,,,,,,,,,13,0.36,4.0,6.0,3.0,0.0,0.0,85.0,38.0,45.0,2.0,17.0,9,0,57,13.0,1,553,15.36,1.0,19.0,,,
150,Víctor Camarasa,['Crystal Palace (Loan)'],1,0,1,,,0.0,0.0,,0.0,0.0,0.0,0.0,,0.0,0.0,0.0,0.0,0.0,0.0,,0.0,0,0.0,0.0,0.0,0.0,0.0,0.0,0.0,0.0,0.0,0.0,0.0,0,0,0,0.0,0,3,3.0,0.0,0.0,0.0,0.0,0.0
154,Todd Cantwell,['Norwich City'],37,5,26,,,51.0,61.0,,13.0,18.0,28.0,6.0,,148.0,182.0,194.0,49.0,20.0,39.0,,1.0,6,0.16,0.0,5.0,1.0,0.0,0.0,42.0,16.0,38.0,0.0,3.0,6,0,33,3.0,2,1065,28.78,1.0,24.0,4.0,3.0,30.0
155,Etienne Capoue,['Watford'],30,8,16,,,75.0,53.0,,6.0,68.0,56.0,31.0,,219.0,186.0,165.0,23.0,49.0,19.0,,0.0,0,0.0,0.0,0.0,0.0,0.0,0.0,19.0,1.0,5.0,0.0,0.0,8,0,57,0.0,3,1434,47.8,4.0,23.0,39.0,3.0,112.0
161,Craig Cathcart,['Watford'],29,6,15,8.0,37.0,41.0,63.0,0.0,1.0,25.0,133.0,62.0,1.0,128.0,114.0,83.0,4.0,67.0,53.0,0.0,0.0,0,,0.0,0.0,0.0,,,,,,0.0,,7,0,13,0.0,0,914,31.52,0.0,1.0,100.0,1.0,66.0
162,Dani Ceballos,"['Arsenal (Loan)', 'Arsenal (Loan)', 'Arsenal (Loan)']",24,12,6,,,45.0,51.0,,5.0,32.0,11.0,6.0,,153.0,116.0,125.0,27.0,9.0,25.0,,0.0,0,0.0,0.0,0.0,0.0,0.0,0.0,13.0,3.0,23.0,0.0,0.0,1,0,19,0.0,2,1251,52.13,1.0,70.0,13.0,6.0,76.0
164,Cédric Soares,"['Arsenal', 'Arsenal (Loan)', 'Arsenal (Loan)', 'Southampton', 'Southampton', 'Southampton']",21,11,7,3.0,20.0,53.0,60.0,0.0,3.0,22.0,45.0,18.0,0.0,69.0,83.0,73.0,6.0,20.0,29.0,0.0,0.0,1,,0.0,0.0,1.0,,,,,,0.0,,1,0,16,0.0,1,593,28.24,0.0,72.0,21.0,1.0,29.0
166,Calum Chambers,['Arsenal'],14,4,4,3.0,15.0,26.0,38.0,0.0,4.0,16.0,41.0,25.0,0.0,69.0,77.0,69.0,11.0,37.0,31.0,0.0,0.0,1,,0.0,1.0,0.0,,,,,,0.0,,5,0,18,0.0,1,796,56.86,4.0,34.0,12.0,0.0,35.0
168,Chicharito,['West Ham United'],2,0,1,,,0.0,,,0.0,1.0,0.0,0.0,,,,,,,,,,1,0.5,0.0,1.0,0.0,0.0,0.0,3.0,2.0,67.0,0.0,1.0,0,0,0,2.0,0,20,10.0,0.0,0.0,,,
169,Ben Chilwell,['Leicester City'],27,13,8,9.0,26.0,43.0,60.0,0.0,3.0,28.0,54.0,26.0,0.0,161.0,147.0,148.0,19.0,56.0,38.0,0.0,0.0,3,,0.0,1.0,2.0,,,,,,1.0,,3,0,29,1.0,3,1654,61.26,5.0,103.0,18.0,3.0,54.0
171,Tahith Chong,"['Manchester United', 'Manchester United']",3,2,1,,,0.0,,,0.0,0.0,0.0,0.0,,,,,,,,,,0,0.0,0.0,0.0,0.0,0.0,0.0,1.0,0.0,0.0,0.0,0.0,0,0,2,0.0,0,14,4.67,0.0,0.0,,,
172,Hamza Choudhury,['Leicester City'],20,9,6,,,17.0,47.0,,3.0,24.0,12.0,5.0,,51.0,39.0,54.0,3.0,12.0,10.0,,0.0,1,0.05,0.0,1.0,0.0,0.0,0.0,7.0,2.0,29.0,0.0,0.0,2,1,12,0.0,1,496,24.8,0.0,4.0,0.0,0.0,19.0
173,Andreas Christensen,['Chelsea'],21,10,7,3.0,33.0,38.0,55.0,0.0,1.0,29.0,56.0,33.0,0.0,107.0,120.0,73.0,4.0,69.0,51.0,0.0,0.0,0,,0.0,0.0,0.0,,,,,,0.0,,5,0,17,0.0,0,1307,62.24,2.0,0.0,0.0,2.0,52.0
182,Tom Cleverley,['Watford'],18,2,10,,,28.0,54.0,,7.0,10.0,15.0,4.0,,51.0,54.0,61.0,7.0,9.0,12.0,,0.0,1,0.06,0.0,1.0,0.0,0.0,0.0,17.0,5.0,29.0,0.0,2.0,2,0,16,0.0,0,430,23.89,0.0,29.0,21.0,0.0,16.0
184,Conor Coady,['Wolverhampton Wanderers'],38,15,9,13.0,40.0,36.0,64.0,3.0,0.0,28.0,117.0,65.0,0.0,244.0,80.0,56.0,4.0,33.0,24.0,0.0,2.0,0,,0.0,0.0,0.0,,,,,,0.0,,5,0,17,0.0,0,1849,48.66,1.0,0.0,0.0,4.0,286.0
187,Séamus Coleman,['Everton'],27,9,10,5.0,28.0,42.0,74.0,0.0,2.0,24.0,36.0,20.0,0.0,118.0,128.0,78.0,38.0,29.0,20.0,0.0,1.0,0,,0.0,0.0,0.0,,,,,,0.0,,3,1,19,1.0,1,824,30.52,2.0,43.0,7.0,0.0,33.0
189,Aaron Connolly,"['Brighton and Hove Albion', 'Brighton and Hove Albion', 'Brighton & Hove Albion', 'Brighton and Hove Albion']",24,7,11,,,7.0,,,13.0,0.0,3.0,2.0,,,,,,,,,,3,0.13,0.0,3.0,0.0,0.0,0.0,38.0,14.0,37.0,0.0,5.0,0,0,16,14.0,1,146,6.08,1.0,9.0,,,
191,Jack Cork,['Burnley'],30,12,12,,,35.0,69.0,,8.0,28.0,45.0,24.0,,171.0,140.0,195.0,26.0,56.0,69.0,,0.0,0,0.0,0.0,0.0,0.0,0.0,0.0,18.0,6.0,33.0,0.0,1.0,1,0,33,1.0,0,923,30.77,2.0,6.0,17.0,2.0,48.0
195,Aaron Cresswell,['West Ham United'],31,8,17,5.0,51.0,43.0,60.0,0.0,3.0,35.0,59.0,30.0,1.0,172.0,116.0,111.0,11.0,45.0,40.0,0.0,0.0,3,,0.0,1.0,2.0,,,,,,0.0,,7,0,16,2.0,0,1251,40.35,4.0,127.0,20.0,0.0,67.0
203,Patrick Cutrone,['Wolverhampton Wanderers'],12,5,2,,,4.0,,,3.0,2.0,1.0,1.0,,,,,,,,,,2,0.17,0.0,1.0,1.0,0.0,0.0,11.0,4.0,36.0,0.0,2.0,0,0,5,4.0,0,59,4.92,1.0,6.0,,,
209,Daniel Podence,['Wolverhampton Wanderers'],9,4,1,,,3.0,100.0,,4.0,2.0,1.0,0.0,,12.0,19.0,21.0,7.0,0.0,6.0,,0.0,1,0.11,1.0,0.0,0.0,0.0,0.0,10.0,3.0,30.0,0.0,0.0,0,0,5,3.0,0,95,10.56,2.0,5.0,20.0,1.0,3.0
210,Charlie Daniels,"['AFC Bournemouth', 'AFC Bournemouth']",2,1,1,0.0,2.0,1.0,100.0,0.0,0.0,1.0,4.0,4.0,0.0,11.0,3.0,2.0,0.0,2.0,0.0,0.0,0.0,0,,0.0,0.0,0.0,,,,,,0.0,,0,0,0,0.0,0,37,18.5,0.0,5.0,40.0,0.0,3.0
212,Arnaut Danjuma Groeneveld,['AFC Bournemouth'],14,1,10,,,4.0,,,2.0,8.0,3.0,1.0,,,,,,,,,,0,0.0,0.0,0.0,0.0,0.0,0.0,13.0,4.0,31.0,1.0,2.0,0,0,0,6.0,0,221,15.79,0.0,9.0,,,
213,Scott Dann,"['Crystal Palace', 'Crystal Palace']",16,5,8,5.0,14.0,8.0,50.0,0.0,2.0,14.0,64.0,29.0,0.0,73.0,52.0,44.0,5.0,39.0,32.0,0.0,0.0,0,,0.0,0.0,0.0,,,,,,1.0,,0,0,5,0.0,1,582,36.38,0.0,2.0,50.0,0.0,37.0
214,Kevin Danso,"['Southampton (Loan)', 'Southampton (Loan)']",6,1,3,1.0,8.0,6.0,67.0,0.0,0.0,2.0,7.0,3.0,0.0,13.0,18.0,24.0,3.0,7.0,12.0,0.0,0.0,0,,0.0,0.0,0.0,,,,,,0.0,,0,1,4,0.0,1,131,21.83,0.0,4.0,0.0,0.0,4.0
217,David Luiz,"['Arsenal', 'Chelsea']",33,11,8,8.0,38.0,28.0,57.0,0.0,4.0,32.0,126.0,76.0,0.0,128.0,98.0,90.0,5.0,52.0,42.0,0.0,2.0,2,,1.0,1.0,0.0,,,,,,0.0,,5,2,30,1.0,1,1799,54.52,2.0,5.0,60.0,12.0,161.0
219,Keinan Davis,['Aston Villa'],18,3,9,,,1.0,,,2.0,0.0,3.0,2.0,,,,,,,,,,0,0.0,0.0,0.0,0.0,0.0,0.0,17.0,5.0,29.0,0.0,3.0,0,0,12,3.0,0,136,7.56,0.0,2.0,,,
220,Craig Dawson,['Watford'],29,6,15,4.0,49.0,29.0,62.0,1.0,8.0,34.0,111.0,69.0,1.0,123.0,144.0,90.0,3.0,102.0,46.0,0.0,0.0,2,,1.0,1.0,0.0,,,,,,1.0,,6,0,31,0.0,0,937,32.31,0.0,4.0,25.0,1.0,86.0
222,Kevin De Bruyne,['Manchester City'],35,25,7,,,45.0,53.0,,29.0,18.0,23.0,14.0,,136.0,138.0,153.0,48.0,17.0,17.0,,0.0,13,0.37,0.0,11.0,2.0,2.0,1.0,99.0,31.0,31.0,6.0,3.0,3,0,26,3.0,20,1907,54.49,33.0,304.0,25.0,32.0,121.0
223,David de Gea,['Manchester United'],38,18,8,13.0,36.0,,,,,,,,,,,,,,,0.0,3.0,0,,,,,,,,,,,,2,0,0,,0,786,20.68,,,,,96.0
224,Troy Deeney,['Watford'],27,7,15,,,19.0,,,13.0,11.0,26.0,17.0,,,,,,,,,,10,0.37,1.0,7.0,2.0,5.0,0.0,45.0,23.0,51.0,0.0,9.0,3,0,37,12.0,2,709,26.26,8.0,10.0,,,
227,Fabian Delph,"['Everton', 'Manchester City']",16,5,7,,,26.0,46.0,,3.0,15.0,16.0,9.0,,94.0,69.0,51.0,21.0,15.0,9.0,,1.0,0,0.0,0.0,0.0,0.0,0.0,0.0,3.0,0.0,0.0,0.0,0.0,3,1,18,0.0,0,781,48.81,0.0,8.0,63.0,1.0,58.0
230,Leander Dendoncker,"['Wolverhampton Wanderers', 'Wolverhampton Wanderers (Loan)']",38,15,9,,,68.0,46.0,,5.0,38.0,61.0,42.0,,152.0,187.0,167.0,16.0,96.0,84.0,,1.0,4,0.11,1.0,2.0,1.0,0.0,0.0,20.0,5.0,25.0,0.0,1.0,5,0,31,0.0,0,1323,34.82,1.0,8.0,38.0,0.0,66.0
232,Gerard Deulofeu,['Watford'],28,6,13,,,33.0,,,21.0,25.0,5.0,0.0,,,,,,,,,,4,0.14,0.0,3.0,1.0,1.0,0.0,64.0,21.0,33.0,5.0,5.0,3,0,27,18.0,5,721,25.75,5.0,96.0,,,
238,Eric Dier,['Tottenham Hotspur'],19,11,4,,,21.0,57.0,,0.0,21.0,61.0,37.0,,59.0,95.0,75.0,4.0,66.0,42.0,,0.0,0,0.0,0.0,0.0,0.0,0.0,0.0,8.0,1.0,13.0,1.0,2.0,5,0,19,1.0,2,914,48.11,0.0,3.0,0.0,3.0,47.0
239,Lucas Digne,['Everton'],35,12,14,7.0,49.0,73.0,67.0,0.0,15.0,42.0,93.0,47.0,0.0,182.0,237.0,167.0,23.0,114.0,53.0,1.0,0.0,0,,0.0,0.0,0.0,,,,,,1.0,,6,0,43,3.0,7,1374,39.26,8.0,270.0,27.0,2.0,64.0
240,Diogo Dalot,['Manchester United'],4,1,2,0.0,1.0,3.0,67.0,0.0,0.0,2.0,1.0,1.0,0.0,5.0,6.0,7.0,0.0,3.0,1.0,0.0,0.0,0,,0.0,0.0,0.0,,,,,,0.0,,0,0,1,0.0,0,51,12.75,0.0,3.0,0.0,0.0,1.0
241,Diogo Jota,"['Wolverhampton Wanderers', 'Wolverhampton Wanderers']",34,12,9,,,28.0,,,23.0,9.0,9.0,5.0,,,,,,,,,,7,0.21,0.0,4.0,3.0,0.0,0.0,69.0,26.0,38.0,1.0,12.0,4,0,42,3.0,1,840,24.71,3.0,38.0,,,
243,Issa Diop,['West Ham United'],32,8,15,4.0,54.0,27.0,56.0,1.0,1.0,47.0,164.0,84.0,0.0,145.0,122.0,84.0,5.0,79.0,40.0,0.0,1.0,3,,2.0,1.0,0.0,,,,,,0.0,,8,0,31,1.0,1,974,30.44,3.0,1.0,0.0,0.0,49.0
245,Moussa Djenepo,['Southampton'],18,7,9,,,27.0,78.0,,3.0,9.0,9.0,3.0,,48.0,104.0,92.0,44.0,3.0,16.0,,0.0,2,0.11,0.0,2.0,0.0,0.0,0.0,20.0,8.0,40.0,0.0,3.0,4,1,23,3.0,2,239,13.28,3.0,21.0,19.0,1.0,5.0
247,Matt Doherty,['Wolverhampton Wanderers'],36,15,7,12.0,31.0,55.0,53.0,1.0,9.0,40.0,47.0,30.0,0.0,160.0,233.0,169.0,28.0,133.0,97.0,0.0,0.0,4,,1.0,0.0,3.0,,,,,,1.0,,1,0,28,3.0,3,1476,41.0,2.0,45.0,16.0,1.0,47.0
248,Domingos Quina,['Watford'],4,1,3,,,2.0,0.0,,0.0,0.0,0.0,0.0,,4.0,4.0,6.0,1.0,0.0,2.0,,0.0,0,0.0,0.0,0.0,0.0,0.0,0.0,1.0,1.0,100.0,0.0,0.0,0,0,1,0.0,0,10,2.5,0.0,0.0,0.0,0.0,0.0
249,Abdoulaye Doucouré,['Watford'],37,8,20,,,64.0,47.0,,20.0,31.0,31.0,11.0,,270.0,174.0,206.0,40.0,55.0,57.0,,0.0,4,0.11,0.0,4.0,0.0,0.0,0.0,61.0,12.0,20.0,1.0,4.0,9,0,51,6.0,2,1678,45.35,6.0,29.0,17.0,0.0,41.0
250,Douglas Luiz,['Aston Villa'],36,9,20,,,46.0,52.0,,16.0,36.0,47.0,18.0,,205.0,147.0,162.0,35.0,30.0,36.0,,1.0,3,0.08,0.0,2.0,1.0,0.0,0.0,38.0,12.0,32.0,0.0,2.0,8,0,51,0.0,2,1208,33.56,3.0,24.0,25.0,4.0,92.0
252,Tommy Doyle,"['Manchester City', 'Manchester City U21', 'Manchester City']",1,1,0,,,0.0,0.0,,0.0,0.0,0.0,0.0,,1.0,1.0,1.0,0.0,0.0,0.0,,0.0,0,0.0,0.0,0.0,0.0,0.0,0.0,1.0,1.0,100.0,0.0,0.0,0,0,0,0.0,0,20,20.0,0.0,0.0,0.0,0.0,0.0
255,Danny Drinkwater,"['Aston Villa (Loan)', 'Aston Villa (Loan)', 'Burnley (Loan)', 'Chelsea', 'Chelsea']",5,1,3,,,7.0,57.0,,0.0,6.0,5.0,2.0,,36.0,9.0,36.0,1.0,0.0,6.0,,1.0,0,0.0,0.0,0.0,0.0,0.0,0.0,2.0,0.0,0.0,0.0,0.0,1,0,8,0.0,0,192,38.4,0.0,1.0,0.0,0.0,10.0
257,Josip Drmic,['Norwich City'],21,3,18,,,3.0,,,3.0,1.0,5.0,3.0,,,,,,,,,,1,0.05,0.0,1.0,0.0,0.0,0.0,14.0,6.0,43.0,2.0,3.0,0,1,6,7.0,0,160,7.62,1.0,3.0,,,
258,Martin Dubravka,['Newcastle United'],38,11,16,11.0,58.0,,,,,,,,,,,,,,,0.0,5.0,0,,,,,,,,,,,,0,0,0,,0,969,25.5,,,,,300.0
259,Ondrej Duda,['Norwich City (Loan)'],10,2,7,,,18.0,61.0,,5.0,6.0,7.0,5.0,,48.0,42.0,42.0,6.0,6.0,18.0,,0.0,0,0.0,0.0,0.0,0.0,0.0,0.0,10.0,4.0,40.0,1.0,0.0,0,0,9,2.0,0,338,33.8,2.0,43.0,30.0,3.0,14.0
260,Shane Duffy,['Brighton and Hove Albion'],19,5,7,2.0,18.0,18.0,50.0,1.0,1.0,21.0,70.0,48.0,0.0,56.0,98.0,48.0,3.0,70.0,26.0,0.0,0.0,1,,0.0,1.0,0.0,,,,,,0.0,,2,0,14,0.0,0,641,33.74,0.0,1.0,100.0,0.0,44.0
261,Paul Dummett,['Newcastle United'],16,6,6,3.0,20.0,27.0,63.0,0.0,0.0,23.0,61.0,31.0,0.0,54.0,62.0,44.0,1.0,28.0,32.0,1.0,0.0,0,,0.0,0.0,0.0,,,,,,0.0,,2,0,4,0.0,0,449,28.06,0.0,15.0,13.0,0.0,25.0
263,Lewis Dunk,['Brighton and Hove Albion'],36,9,13,9.0,50.0,40.0,60.0,1.0,5.0,55.0,123.0,53.0,1.0,250.0,161.0,99.0,5.0,99.0,52.0,0.0,0.0,3,,1.0,2.0,0.0,,,,,,1.0,,9,0,19,1.0,3,2251,62.53,1.0,1.0,0.0,1.0,164.0
266,Ederson,['Manchester City'],35,24,8,16.0,28.0,,,,,,,,,,,,,,,0.0,3.0,0,,,,,,,,,,,,3,1,2,,0,899,25.69,,,,,124.0
267,John Egan,['Sheffield United'],36,14,11,12.0,30.0,44.0,61.0,1.0,14.0,58.0,165.0,76.0,0.0,177.0,198.0,129.0,1.0,134.0,79.0,0.0,1.0,2,,1.0,1.0,0.0,,,,,,0.0,,3,1,34,1.0,0,1290,35.83,1.0,2.0,0.0,0.0,111.0
269,Anwar El Ghazi,['Aston Villa'],34,7,19,,,20.0,55.0,,11.0,13.0,12.0,6.0,,75.0,97.0,151.0,29.0,31.0,57.0,,0.0,4,0.12,0.0,4.0,0.0,1.0,0.0,52.0,20.0,38.0,2.0,7.0,3,0,20,12.0,4,479,14.09,4.0,107.0,24.0,1.0,15.0
272,Harvey Elliott,['Liverpool'],2,2,0,,,0.0,0.0,,0.0,0.0,0.0,0.0,,1.0,1.0,1.0,1.0,0.0,0.0,,0.0,0,0.0,0.0,0.0,0.0,0.0,0.0,0.0,0.0,0.0,0.0,0.0,0,0,0,0.0,0,11,5.5,0.0,3.0,0.0,0.0,1.0
275,Emerson,['Chelsea'],15,4,8,1.0,21.0,23.0,52.0,0.0,4.0,18.0,14.0,9.0,0.0,59.0,68.0,31.0,12.0,17.0,11.0,0.0,0.0,0,,0.0,0.0,0.0,,,,,,1.0,,3,0,4,2.0,0,718,47.87,2.0,54.0,24.0,0.0,22.0
276,Emiliano Martínez,"['Arsenal', 'Arsenal', 'Arsenal']",9,5,3,3.0,9.0,,,,,,,,,,,,,,,0.0,0.0,0,,,,,,,,,,,,2,0,0,,0,245,27.22,,,,,33.0
277,Björn Engels,['Aston Villa'],17,3,12,2.0,32.0,11.0,55.0,0.0,0.0,28.0,85.0,42.0,0.0,53.0,71.0,39.0,1.0,55.0,27.0,0.0,1.0,1,,1.0,0.0,0.0,,,,,,0.0,,1,0,5,1.0,0,647,38.06,0.0,2.0,50.0,0.0,49.0
280,Christian Eriksen,['Tottenham Hotspur'],20,7,8,,,19.0,47.0,,11.0,12.0,14.0,5.0,,82.0,31.0,52.0,0.0,6.0,10.0,,0.0,2,0.1,0.0,1.0,1.0,0.0,1.0,26.0,9.0,35.0,0.0,0.0,5,0,9,2.0,2,674,33.7,3.0,72.0,15.0,5.0,30.0
281,Jonny Evans,['Leicester City'],38,18,12,11.0,41.0,48.0,71.0,0.0,1.0,57.0,171.0,84.0,0.0,230.0,207.0,121.0,6.0,127.0,71.0,1.0,0.0,1,,1.0,0.0,0.0,,,,,,0.0,,8,1,35,2.0,1,2491,65.55,0.0,8.0,13.0,1.0,116.0
283,Lukasz Fabianski,['West Ham United'],25,8,10,5.0,34.0,,,,,,,,,,,,,,,0.0,3.0,0,,,,,,,,,,,,1,0,1,,0,572,22.88,,,,,201.0
284,Fabinho,['Liverpool'],28,22,3,,,62.0,56.0,,4.0,34.0,16.0,6.0,,157.0,132.0,110.0,9.0,42.0,28.0,,0.0,2,0.07,0.0,2.0,0.0,0.0,0.0,12.0,4.0,33.0,0.0,0.0,6,0,32,0.0,3,1578,56.36,2.0,9.0,44.0,3.0,80.0
287,Ralf Fährmann,"['Norwich City (Loan)', 'Norwich City (Loan)']",1,0,1,0.0,1.0,,,,,,,,,,,,,,,0.0,0.0,0,,,,,,,,,,,,0,0,0,,0,8,8.0,,,,,0.0
288,Akin Famewo,"['Norwich City', 'Norwich City']",1,0,1,0.0,0.0,0.0,0.0,0.0,0.0,0.0,0.0,0.0,0.0,0.0,0.0,0.0,0.0,0.0,0.0,0.0,0.0,0,,0.0,0.0,0.0,,,,,,0.0,,0,0,0,0.0,0,0,0.0,0.0,0.0,0.0,0.0,0.0
289,Felipe Anderson,['West Ham United'],25,6,15,,,46.0,70.0,,8.0,22.0,10.0,5.0,,112.0,139.0,130.0,63.0,6.0,19.0,,0.0,1,0.04,0.0,1.0,0.0,0.0,0.0,23.0,8.0,35.0,1.0,3.0,1,0,17,2.0,4,895,35.8,4.0,34.0,26.0,5.0,42.0
292,Federico Fernández,['Newcastle United'],32,10,12,8.0,42.0,42.0,60.0,0.0,2.0,24.0,185.0,106.0,0.0,128.0,132.0,100.0,10.0,61.0,51.0,1.0,0.0,2,,1.0,1.0,0.0,,,,,,1.0,,8,0,17,2.0,2,1110,34.69,2.0,29.0,17.0,0.0,100.0
293,Fernandinho,['Manchester City'],30,20,8,,,50.0,70.0,,4.0,25.0,80.0,50.0,,148.0,154.0,96.0,13.0,74.0,49.0,,0.0,0,0.0,0.0,0.0,0.0,0.0,0.0,17.0,2.0,12.0,1.0,0.0,7,2,26,1.0,1,2222,74.07,0.0,4.0,0.0,0.0,133.0
298,John Fleck,['Sheffield United'],30,10,11,,,36.0,69.0,,12.0,24.0,21.0,7.0,,169.0,115.0,122.0,44.0,14.0,25.0,,0.0,5,0.17,0.0,1.0,4.0,0.0,0.0,31.0,11.0,35.0,0.0,2.0,8,0,25,1.0,2,999,33.3,5.0,149.0,22.0,3.0,38.0
299,Phil Foden,['Manchester City'],23,20,2,,,14.0,71.0,,8.0,6.0,2.0,1.0,,36.0,62.0,61.0,25.0,10.0,18.0,,0.0,5,0.22,0.0,1.0,4.0,0.0,0.0,34.0,15.0,44.0,0.0,1.0,0,0,12,1.0,2,494,21.48,0.0,29.0,24.0,4.0,17.0
300,Pablo Fornals,['West Ham United'],36,10,17,,,46.0,61.0,,9.0,25.0,8.0,3.0,,155.0,87.0,153.0,15.0,10.0,48.0,,0.0,2,0.06,0.0,2.0,0.0,0.0,0.0,36.0,11.0,31.0,0.0,2.0,3,0,18,7.0,5,843,23.42,4.0,61.0,16.0,6.0,40.0
302,Ben Foster,['Watford'],38,8,20,9.0,64.0,,,,,,,,,,,,,,,0.0,2.0,0,,,,,,,,,,,,1,0,2,,0,1089,28.66,,,,,323.0
303,Timothy Fosu-Mensah,['Manchester United'],3,2,0,1.0,1.0,1.0,100.0,0.0,0.0,4.0,1.0,0.0,0.0,7.0,3.0,11.0,1.0,1.0,2.0,0.0,0.0,0,,0.0,0.0,0.0,,,,,,0.0,,1,0,5,1.0,0,64,21.33,0.0,2.0,50.0,0.0,3.0
304,Dimitri Foulquier,"['Watford', 'Watford', 'Watford', 'Watford']",3,0,2,0.0,6.0,1.0,0.0,0.0,0.0,2.0,2.0,0.0,0.0,4.0,3.0,2.0,2.0,0.0,2.0,0.0,0.0,0,,0.0,0.0,0.0,,,,,,0.0,,0,0,0,0.0,0,10,3.33,0.0,1.0,0.0,0.0,1.0
305,Juan Foyth,['Tottenham Hotspur'],4,1,0,0.0,3.0,7.0,43.0,0.0,0.0,1.0,2.0,1.0,0.0,9.0,12.0,7.0,2.0,3.0,1.0,0.0,1.0,0,,0.0,0.0,0.0,,,,,,0.0,,1,0,2,0.0,0,56,14.0,0.0,0.0,0.0,0.0,2.0
306,Simon Francis,"['AFC Bournemouth', 'AFC Bournemouth']",15,3,11,1.0,21.0,13.0,69.0,0.0,3.0,20.0,66.0,40.0,0.0,62.0,66.0,54.0,4.0,48.0,32.0,0.0,0.0,0,,0.0,0.0,0.0,,,,,,0.0,,3,1,7,0.0,0,520,34.67,1.0,16.0,19.0,0.0,30.0
308,Ryan Fraser,['AFC Bournemouth'],28,7,16,,,12.0,50.0,,10.0,15.0,17.0,11.0,,97.0,66.0,81.0,12.0,6.0,25.0,,0.0,1,0.04,0.0,1.0,0.0,0.0,1.0,27.0,12.0,44.0,0.0,5.0,2,0,10,1.0,4,770,27.5,5.0,174.0,16.0,2.0,27.0
309,Fred,['Manchester United'],29,13,7,,,60.0,53.0,,10.0,38.0,27.0,7.0,,234.0,145.0,172.0,40.0,9.0,19.0,,0.0,0,0.0,0.0,0.0,0.0,0.0,0.0,40.0,10.0,25.0,1.0,0.0,8,0,42,1.0,0,1668,57.52,3.0,63.0,22.0,3.0,110.0
310,Ryan Fredericks,['West Ham United'],27,8,13,6.0,39.0,82.0,68.0,0.0,2.0,24.0,64.0,31.0,1.0,113.0,149.0,116.0,11.0,36.0,36.0,0.0,0.0,0,,0.0,0.0,0.0,,,,,,0.0,,7,0,25,0.0,3,856,31.7,3.0,59.0,25.0,0.0,31.0
311,Kieron Freeman,"['Sheffield United', 'Sheffield United']",2,1,1,0.0,0.0,0.0,0.0,0.0,0.0,0.0,0.0,0.0,0.0,0.0,0.0,3.0,0.0,0.0,2.0,0.0,0.0,0,,0.0,0.0,0.0,,,,,,0.0,,0,0,1,0.0,0,1,0.5,0.0,0.0,0.0,0.0,0.0
312,Christian Fuchs,['Leicester City'],11,6,3,2.0,10.0,14.0,64.0,0.0,1.0,17.0,23.0,13.0,0.0,45.0,35.0,36.0,2.0,19.0,18.0,0.0,1.0,0,,0.0,0.0,0.0,,,,,,0.0,,0,0,2,1.0,0,563,51.18,0.0,16.0,13.0,0.0,26.0
314,Gabriel Jesus,['Manchester City'],34,23,8,,,17.0,,,20.0,11.0,6.0,6.0,,,,,,,,,,14,0.41,2.0,7.0,5.0,0.0,0.0,101.0,48.0,48.0,3.0,24.0,3,0,27,19.0,7,609,17.91,4.0,6.0,,,
315,Gabriel Martinelli,['Arsenal'],14,3,3,,,20.0,75.0,,2.0,3.0,5.0,4.0,,34.0,46.0,92.0,9.0,8.0,37.0,,0.0,3,0.21,0.0,3.0,0.0,0.0,0.0,12.0,5.0,42.0,0.0,1.0,1,0,9,2.0,0,116,8.29,0.0,22.0,0.0,1.0,2.0
320,Eric García,"['Manchester City', 'Manchester City']",13,11,2,3.0,7.0,6.0,17.0,0.0,0.0,18.0,31.0,14.0,0.0,38.0,25.0,34.0,6.0,11.0,20.0,0.0,0.0,0,,0.0,0.0,0.0,,,,,,0.0,,1,0,9,0.0,0,728,56.0,0.0,1.0,100.0,0.0,26.0
321,James Garner,"['Manchester United', 'Manchester United']",1,1,0,,,0.0,0.0,,0.0,0.0,1.0,0.0,,1.0,1.0,1.0,0.0,0.0,0.0,,0.0,0,0.0,0.0,0.0,0.0,0.0,0.0,0.0,0.0,0.0,0.0,0.0,0,0,0,0.0,0,14,14.0,0.0,0.0,0.0,0.0,1.0
322,Dwight Gayle,['Newcastle United'],20,3,10,,,12.0,,,5.0,2.0,9.0,8.0,,,,,,,,,,4,0.2,0.0,3.0,1.0,0.0,0.0,23.0,10.0,43.0,1.0,5.0,2,0,6,2.0,2,145,7.25,2.0,3.0,,,
323,Paulo Gazzaniga,['Tottenham Hotspur'],18,5,8,2.0,26.0,,,,,,,,,,,,,,,0.0,1.0,0,,,,,,,,,,,,1,0,1,,0,456,25.33,,,,,76.0
324,Jean-Philippe Gbamin,['Everton'],2,1,0,,,4.0,75.0,,0.0,1.0,4.0,3.0,,8.0,11.0,10.0,2.0,3.0,2.0,,0.0,0,0.0,0.0,0.0,0.0,0.0,0.0,0.0,0.0,0.0,0.0,0.0,0,0,2,0.0,0,70,35.0,0.0,0.0,0.0,0.0,2.0
325,Gedson Fernandes,['Tottenham Hotspur (Loan)'],7,3,1,,,2.0,0.0,,1.0,1.0,0.0,0.0,,7.0,6.0,9.0,2.0,0.0,1.0,,0.0,0,0.0,0.0,0.0,0.0,0.0,0.0,1.0,0.0,0.0,0.0,0.0,0,0,0,0.0,0,39,5.57,0.0,7.0,29.0,0.0,0.0
329,Morgan Gibbs-White,['Wolverhampton Wanderers'],7,3,3,,,0.0,0.0,,0.0,2.0,0.0,0.0,,6.0,6.0,6.0,1.0,4.0,2.0,,0.0,0,0.0,0.0,0.0,0.0,0.0,0.0,2.0,0.0,0.0,0.0,0.0,0,0,2,0.0,0,79,11.29,0.0,2.0,0.0,1.0,2.0
333,Olivier Giroud,['Chelsea'],18,10,6,,,8.0,,,4.0,2.0,13.0,12.0,,,,,,,,,,8,0.44,1.0,2.0,5.0,0.0,0.0,39.0,19.0,49.0,1.0,6.0,1,0,17,9.0,0,299,16.61,1.0,2.0,,,
336,Ben Godfrey,['Norwich City'],30,5,22,2.0,62.0,22.0,64.0,0.0,0.0,25.0,148.0,76.0,0.0,162.0,105.0,70.0,8.0,66.0,42.0,1.0,0.0,0,,0.0,0.0,0.0,,,,,,2.0,,3,1,15,0.0,0,1660,55.33,0.0,3.0,0.0,1.0,95.0
338,Joseph Gomez,['Liverpool'],28,24,2,12.0,16.0,23.0,70.0,0.0,1.0,38.0,59.0,25.0,0.0,151.0,112.0,87.0,8.0,70.0,49.0,0.0,0.0,0,,0.0,0.0,0.0,,,,,,0.0,,7,0,21,0.0,0,1988,71.0,0.0,9.0,33.0,1.0,104.0
342,Dan Gosling,['AFC Bournemouth'],24,5,16,,,26.0,38.0,,4.0,20.0,22.0,8.0,,82.0,69.0,100.0,4.0,21.0,28.0,,0.0,3,0.13,0.0,3.0,0.0,0.0,0.0,13.0,6.0,46.0,0.0,2.0,3,0,21,2.0,1,520,21.67,2.0,3.0,67.0,1.0,17.0
345,Demarai Gray,['Leicester City'],21,11,6,,,12.0,50.0,,7.0,5.0,3.0,1.0,,35.0,34.0,50.0,10.0,2.0,8.0,,0.0,2,0.1,0.0,2.0,0.0,0.0,0.0,23.0,8.0,35.0,0.0,1.0,1,0,2,3.0,3,291,13.86,4.0,31.0,26.0,1.0,10.0
346,Jack Grealish,['Aston Villa'],36,9,19,,,29.0,66.0,,18.0,22.0,10.0,4.0,,188.0,289.0,182.0,73.0,22.0,27.0,,1.0,8,0.22,0.0,5.0,3.0,0.0,0.0,73.0,23.0,32.0,2.0,5.0,8,0,34,4.0,6,1371,38.08,8.0,141.0,20.0,2.0,81.0
348,Mason Greenwood,['Manchester United'],31,13,7,,,17.0,,,7.0,6.0,5.0,2.0,,,,,,,,,,10,0.32,0.0,2.0,8.0,0.0,0.0,39.0,20.0,51.0,1.0,2.0,0,0,12,3.0,1,495,15.97,1.0,10.0,,,
350,Pascal Groß,['Brighton and Hove Albion'],29,7,12,,,36.0,36.0,,9.0,9.0,7.0,2.0,,83.0,73.0,104.0,6.0,18.0,29.0,,0.0,2,0.07,0.0,2.0,0.0,0.0,1.0,29.0,9.0,31.0,1.0,0.0,4,0,23,8.0,4,899,31.0,10.0,146.0,32.0,5.0,42.0
352,Vicente Guaita,['Crystal Palace'],35,11,15,10.0,42.0,,,,,,,,,,,,,,,1.0,2.0,0,,,,,,,,,,,,1,0,0,,0,884,25.26,,,,,220.0
353,Jóhann Gudmundsson,['Burnley'],12,3,5,,,4.0,50.0,,2.0,7.0,6.0,5.0,,31.0,20.0,36.0,5.0,7.0,14.0,,0.0,1,0.08,0.0,0.0,1.0,0.0,0.0,10.0,2.0,20.0,1.0,1.0,0,0,9,1.0,1,160,13.33,1.0,35.0,46.0,0.0,8.0
354,Matteo Guendouzi,['Arsenal'],24,7,7,,,31.0,52.0,,5.0,29.0,34.0,16.0,,117.0,116.0,102.0,24.0,13.0,16.0,,0.0,0,0.0,0.0,0.0,0.0,0.0,0.0,11.0,5.0,45.0,1.0,1.0,6,0,17,0.0,1,1152,48.0,1.0,6.0,17.0,7.0,70.0
355,Frédéric Guilbert,['Aston Villa'],25,7,13,2.0,36.0,74.0,58.0,0.0,2.0,49.0,62.0,26.0,0.0,104.0,164.0,172.0,23.0,48.0,68.0,0.0,0.0,0,,0.0,0.0,0.0,,,,,,0.0,,7,0,36,2.0,2,749,29.96,1.0,91.0,16.0,0.0,40.0
356,Ilkay Gündogan,['Borussia Dortmund'],31,20,8,,,27.0,59.0,,14.0,31.0,13.0,6.0,,137.0,70.0,80.0,18.0,11.0,15.0,,0.0,2,0.06,0.0,2.0,0.0,1.0,0.0,33.0,8.0,24.0,1.0,5.0,7,0,16,2.0,1,1953,63.0,3.0,30.0,30.0,7.0,106.0
357,Angus Gunn,['Southampton'],10,2,6,2.0,25.0,,,,,,,,,,,,,,,0.0,0.0,0,,,,,,,,,,,,0,0,0,,0,231,23.1,,,,,43.0
361,Sébastien Haller,['West Ham United'],32,9,16,,,22.0,,,10.0,8.0,26.0,22.0,,,,,,,,,,7,0.22,0.0,5.0,2.0,0.0,0.0,56.0,27.0,48.0,0.0,6.0,1,0,46,18.0,1,767,23.97,2.0,8.0,,,
363,Grant Hanley,['Norwich City'],15,3,9,2.0,25.0,24.0,63.0,0.0,1.0,31.0,76.0,44.0,0.0,56.0,89.0,38.0,2.0,44.0,18.0,1.0,0.0,0,,0.0,0.0,0.0,,,,,,0.0,,4,0,12,0.0,0,658,43.87,0.0,0.0,0.0,0.0,32.0
368,Kortney Hause,"['Aston Villa', 'Aston Villa (Loan)', 'Wolverhampton Wanderers', 'Wolverhampton Wanderers']",18,3,11,,,21.0,43.0,,2.0,20.0,94.0,51.0,,109.0,138.0,77.0,9.0,100.0,35.0,,1.0,1,0.06,0.0,1.0,0.0,0.0,0.0,20.0,3.0,15.0,0.0,3.0,3,0,24,1.0,0,799,44.39,1.0,0.0,0.0,1.0,62.0
370,Tom Heaton,"['Aston Villa', 'Burnley']",20,6,11,4.0,35.0,,,,,,,,,,,,,,,1.0,0.0,0,,,,,,,,,,,,0,0,1,,0,527,26.35,,,,,118.0
376,Jeff Hendrick,['Burnley'],24,10,8,,,18.0,56.0,,8.0,20.0,15.0,7.0,,107.0,81.0,108.0,22.0,26.0,17.0,,0.0,2,0.08,0.0,2.0,0.0,0.0,0.0,22.0,6.0,27.0,0.0,2.0,8,0,17,4.0,2,545,22.71,2.0,30.0,23.0,1.0,18.0
378,Wayne Hennessey,['Crystal Palace'],3,0,2,0.0,8.0,,,,,,,,,,,,,,,0.0,0.0,0,,,,,,,,,,,,0,0,0,,0,97,32.33,,,,,35.0
381,Onel Hernández,['Norwich City'],26,1,19,,,27.0,70.0,,12.0,19.0,9.0,2.0,,75.0,93.0,132.0,42.0,6.0,29.0,,0.0,1,0.04,0.0,1.0,0.0,0.0,0.0,29.0,8.0,28.0,1.0,2.0,0,0,14,8.0,2,311,11.96,0.0,26.0,4.0,0.0,2.0
389,George Hirst,"['Leicester City', 'Leicester City']",2,0,2,,,0.0,,,0.0,0.0,0.0,0.0,,,,,,,,,,0,0.0,0.0,0.0,0.0,0.0,0.0,3.0,1.0,33.0,0.0,0.0,0,0,0,0.0,0,5,2.5,0.0,0.0,,,
393,Rob Holding,['Arsenal'],8,4,3,1.0,9.0,4.0,50.0,0.0,0.0,5.0,43.0,26.0,0.0,22.0,25.0,24.0,2.0,16.0,14.0,0.0,0.0,0,,0.0,0.0,0.0,,,,,,0.0,,1,0,4,0.0,0,351,43.88,0.0,0.0,0.0,0.0,20.0
394,José Holebas,"['Watford', 'Watford']",14,2,8,1.0,28.0,26.0,58.0,0.0,1.0,3.0,29.0,19.0,0.0,44.0,74.0,72.0,7.0,36.0,21.0,0.0,0.0,0,,0.0,0.0,0.0,,,,,,0.0,,5,0,18,0.0,0,414,29.57,0.0,71.0,24.0,0.0,14.0
395,Mason Holgate,"['Everton', 'Everton']",27,11,8,5.0,34.0,44.0,59.0,0.0,1.0,34.0,94.0,39.0,1.0,126.0,120.0,70.0,10.0,44.0,36.0,0.0,0.0,0,,0.0,0.0,0.0,,,,,,0.0,,5,0,17,1.0,3,1058,39.19,3.0,2.0,50.0,2.0,113.0
396,Nathan Holland,"['West Ham United', 'West Ham United', 'West Ham United', 'West Ham United U21']",2,0,2,,,3.0,33.0,,0.0,0.0,0.0,0.0,,1.0,7.0,2.0,3.0,0.0,1.0,,0.0,0,0.0,0.0,0.0,0.0,0.0,0.0,1.0,1.0,100.0,0.0,0.0,0,0,0,0.0,0,11,5.5,0.0,2.0,0.0,0.0,0.0
399,Conor Hourihane,['Aston Villa'],27,7,13,,,16.0,63.0,,13.0,9.0,26.0,9.0,,72.0,53.0,48.0,4.0,13.0,9.0,,0.0,3,0.11,0.0,0.0,3.0,0.0,1.0,29.0,10.0,34.0,1.0,1.0,4,0,14,4.0,5,612,22.67,8.0,112.0,25.0,1.0,20.0
400,Callum Hudson-Odoi,['Chelsea U21'],22,12,7,,,10.0,40.0,,11.0,5.0,4.0,2.0,,32.0,52.0,66.0,27.0,2.0,11.0,,0.0,1,0.05,0.0,1.0,0.0,0.0,0.0,21.0,4.0,19.0,1.0,1.0,1,0,11,3.0,5,412,18.73,6.0,63.0,27.0,0.0,29.0
401,Will Hughes,['Watford'],30,6,17,,,75.0,63.0,,10.0,37.0,26.0,13.0,,127.0,170.0,166.0,24.0,25.0,32.0,,0.0,1,0.03,0.0,1.0,0.0,0.0,0.0,27.0,3.0,11.0,0.0,1.0,9,0,53,1.0,1,840,28.0,2.0,69.0,29.0,1.0,11.0
408,Pierre-Emile Højbjerg,"['Southampton U21', 'Southampton']",33,12,15,,,80.0,61.0,,10.0,46.0,49.0,23.0,,326.0,210.0,178.0,40.0,55.0,43.0,,0.0,0,0.0,0.0,0.0,0.0,0.0,0.0,46.0,11.0,24.0,0.0,5.0,5,0,46,1.0,1,1823,55.24,0.0,27.0,33.0,4.0,106.0
409,Jordon Ibe,['AFC Bournemouth'],2,0,2,,,2.0,100.0,,0.0,0.0,1.0,0.0,,6.0,5.0,2.0,1.0,0.0,0.0,,0.0,0,0.0,0.0,0.0,0.0,0.0,0.0,0.0,0.0,0.0,0.0,0.0,0,0,0,0.0,0,17,8.5,0.0,3.0,33.0,0.0,0.0
411,Adam Idah,['Norwich City'],12,0,11,,,2.0,,,1.0,0.0,1.0,1.0,,,,,,,,,,0,0.0,0.0,0.0,0.0,0.0,0.0,6.0,2.0,33.0,1.0,1.0,0,0,2,1.0,0,48,4.0,0.0,0.0,,,
413,Odion Ighalo,['Manchester United (Loan)'],11,8,0,,,2.0,,,1.0,0.0,0.0,0.0,,,,,,,,,,0,0.0,0.0,0.0,0.0,0.0,0.0,7.0,4.0,57.0,1.0,4.0,0,0,1,1.0,0,25,2.27,0.0,0.0,,,
414,Kelechi Iheanacho,['Leicester City'],20,7,8,,,3.0,,,7.0,3.0,7.0,6.0,,,,,,,,,,5,0.25,2.0,2.0,1.0,0.0,0.0,36.0,20.0,56.0,0.0,5.0,1,0,24,9.0,3,267,13.35,3.0,2.0,,,
417,Danny Ings,"['Southampton (Loan)', 'Southampton']",38,15,16,,,42.0,,,27.0,9.0,24.0,16.0,,,,,,,,,,22,0.58,0.0,13.0,8.0,1.0,0.0,93.0,38.0,41.0,6.0,8.0,3,0,36,12.0,2,643,16.92,2.0,29.0,,,
419,Isaac Success,['Watford'],5,1,3,,,0.0,,,0.0,1.0,0.0,0.0,,,,,,,,,,0,0.0,0.0,0.0,0.0,0.0,0.0,1.0,1.0,100.0,0.0,0.0,1,0,2,0.0,0,17,3.4,0.0,2.0,,,
423,Alex Iwobi,"['Everton', 'Arsenal']",25,7,12,,,25.0,,,5.0,14.0,10.0,5.0,,,,,,,,,,1,0.04,1.0,0.0,0.0,0.0,0.0,23.0,10.0,43.0,2.0,3.0,0,0,12,0.0,0,557,22.28,2.0,48.0,,,
426,Phil Jagielka,"['Sheffield United', 'Sheffield United', 'Everton']",6,4,1,0.0,6.0,5.0,80.0,0.0,0.0,4.0,19.0,10.0,0.0,16.0,24.0,7.0,0.0,15.0,4.0,0.0,0.0,0,,0.0,0.0,0.0,,,,,,0.0,,0,0,1,0.0,0,75,12.5,0.0,1.0,100.0,0.0,4.0
427,Alireza Jahanbakhsh,['Brighton and Hove Albion'],10,2,4,,,8.0,,,4.0,3.0,1.0,0.0,,,,,,,,,,2,0.2,0.0,2.0,0.0,0.0,0.0,12.0,2.0,17.0,0.0,0.0,0,0,2,1.0,0,112,11.2,2.0,24.0,,,
429,Reece James,['Chelsea U21'],24,14,7,4.0,23.0,36.0,64.0,0.0,6.0,22.0,22.0,10.0,0.0,104.0,123.0,113.0,30.0,36.0,44.0,0.0,0.0,0,,0.0,0.0,0.0,,,,,,1.0,,1,0,22,1.0,2,1016,42.33,6.0,109.0,24.0,0.0,40.0
432,Daryl Janmaat,['Watford'],8,1,2,3.0,5.0,14.0,71.0,0.0,2.0,7.0,19.0,5.0,0.0,38.0,22.0,17.0,5.0,2.0,1.0,1.0,0.0,0,,0.0,0.0,0.0,,,,,,0.0,,1,0,5,0.0,1,267,33.38,1.0,24.0,29.0,0.0,8.0
440,Roberto Jiménez,"['West Ham United', 'West Ham United']",8,0,6,0.0,17.0,,,,,,,,,,,,,,,1.0,2.0,0,,,,,,,,,,,,0,0,0,,0,203,25.38,,,,,49.0
441,João Cancelo,['Manchester City'],17,12,4,5.0,11.0,40.0,60.0,0.0,3.0,21.0,16.0,12.0,0.0,99.0,104.0,79.0,37.0,19.0,22.0,0.0,0.0,0,,0.0,0.0,0.0,,,,,,0.0,,4,0,17,0.0,0,1010,59.41,6.0,47.0,15.0,0.0,38.0
442,João Moutinho,['Wolverhampton Wanderers'],38,15,9,,,93.0,54.0,,5.0,50.0,17.0,6.0,,248.0,152.0,183.0,15.0,21.0,26.0,,0.0,1,0.03,0.0,1.0,0.0,0.0,1.0,22.0,6.0,27.0,0.0,0.0,7,0,40,3.0,6,1839,48.39,9.0,221.0,30.0,5.0,152.0
443,João Pedro,['Watford'],3,0,3,,,0.0,,,0.0,0.0,0.0,0.0,,,,,,,,,,0,0.0,0.0,0.0,0.0,0.0,0.0,1.0,0.0,0.0,0.0,0.0,0,0,1,0.0,0,9,3.0,0.0,3.0,,,
446,Joelinton,['Newcastle United'],38,11,16,,,34.0,,,12.0,11.0,30.0,19.0,,,,,,,,,,2,0.05,0.0,1.0,1.0,0.0,0.0,50.0,15.0,30.0,1.0,8.0,7,0,32,20.0,2,820,21.58,3.0,6.0,,,
453,Curtis Jones,['Liverpool'],6,5,0,,,4.0,100.0,,1.0,2.0,0.0,0.0,,14.0,9.0,12.0,3.0,2.0,3.0,,0.0,1,0.17,0.0,1.0,0.0,0.0,0.0,6.0,2.0,33.0,0.0,0.0,0,0,3,0.0,0,123,20.5,0.0,0.0,0.0,0.0,3.0
454,Jonny,"['Wolverhampton Wanderers', 'Wolverhampton Wanderers (Loan)']",35,14,8,9.0,35.0,91.0,60.0,0.0,7.0,53.0,29.0,12.0,0.0,158.0,186.0,211.0,32.0,35.0,51.0,0.0,1.0,2,,0.0,2.0,0.0,,,,,,0.0,,4,0,34,2.0,2,1087,31.06,1.0,54.0,17.0,1.0,20.0
456,Jorginho,['Chelsea'],31,15,10,,,66.0,61.0,,4.0,64.0,26.0,7.0,,247.0,123.0,151.0,13.0,14.0,39.0,,0.0,4,0.13,0.0,4.0,0.0,3.0,0.0,12.0,4.0,33.0,0.0,0.0,10,0,27,0.0,2,2257,72.81,6.0,10.0,10.0,16.0,132.0
458,Jota,['Aston Villa'],10,2,7,,,3.0,33.0,,4.0,3.0,5.0,1.0,,26.0,13.0,25.0,7.0,1.0,2.0,,0.0,0,0.0,0.0,0.0,0.0,0.0,0.0,6.0,1.0,17.0,0.0,0.0,0,0,6,0.0,1,93,9.3,1.0,2.0,0.0,2.0,6.0
459,James Justin,['Leicester City'],13,6,4,4.0,14.0,36.0,47.0,0.0,1.0,11.0,24.0,16.0,0.0,64.0,85.0,71.0,8.0,22.0,33.0,1.0,0.0,0,,0.0,0.0,0.0,,,,,,1.0,,1,0,8,1.0,1,682,52.46,1.0,37.0,19.0,0.0,20.0
460,Christian Kabasele,['Watford'],27,7,11,6.0,34.0,37.0,65.0,0.0,5.0,36.0,124.0,58.0,0.0,96.0,121.0,90.0,9.0,62.0,49.0,0.0,0.0,0,,0.0,0.0,0.0,,,,,,0.0,,1,2,22,0.0,2,670,24.81,1.0,0.0,0.0,0.0,59.0
466,N'Golo Kanté,['Chelsea'],22,8,10,,,44.0,45.0,,6.0,44.0,31.0,10.0,,158.0,96.0,138.0,24.0,19.0,32.0,,2.0,3,0.14,0.0,2.0,1.0,0.0,0.0,18.0,6.0,33.0,0.0,1.0,4,0,45,0.0,0,1134,51.55,1.0,26.0,42.0,0.0,40.0
470,Moise Kean,['Everton'],29,7,13,,,6.0,,,5.0,5.0,1.0,1.0,,,,,,,,,,2,0.07,0.0,2.0,0.0,0.0,0.0,30.0,13.0,43.0,0.0,4.0,1,0,27,4.0,2,125,4.31,5.0,12.0,,,
471,Michael Keane,['Everton'],31,12,12,7.0,42.0,31.0,52.0,0.0,1.0,44.0,150.0,91.0,0.0,127.0,169.0,121.0,1.0,130.0,90.0,1.0,0.0,2,,1.0,1.0,0.0,,,,,,1.0,,3,0,20,0.0,0,1447,46.68,1.0,0.0,0.0,2.0,91.0
473,Naby Keita,['Liverpool'],18,13,2,,,30.0,47.0,,2.0,10.0,2.0,1.0,,82.0,72.0,44.0,23.0,9.0,10.0,,0.0,2,0.11,0.0,2.0,0.0,0.0,0.0,12.0,7.0,58.0,0.0,1.0,1,0,9,1.0,3,678,37.67,5.0,7.0,0.0,5.0,15.0
475,Lloyd Kelly,['AFC Bournemouth'],8,2,5,1.0,15.0,7.0,43.0,0.0,1.0,6.0,15.0,5.0,0.0,42.0,22.0,31.0,2.0,11.0,20.0,0.0,1.0,0,,0.0,0.0,0.0,,,,,,0.0,,2,0,7,0.0,0,201,25.13,0.0,6.0,17.0,0.0,10.0
480,Ki Sung-Yueng,['Newcastle United'],3,0,2,,,1.0,100.0,,0.0,3.0,2.0,2.0,,4.0,8.0,5.0,2.0,2.0,0.0,,0.0,0,0.0,0.0,0.0,0.0,0.0,0.0,0.0,0.0,0.0,0.0,0.0,0,0,1,0.0,0,66,22.0,0.0,5.0,80.0,0.0,3.0
481,Kiko Femenía,['Watford'],28,6,16,4.0,46.0,68.0,56.0,0.0,1.0,36.0,46.0,17.0,0.0,150.0,112.0,100.0,19.0,13.0,13.0,0.0,0.0,0,,0.0,0.0,0.0,,,,,,0.0,,5,0,26,1.0,0,953,34.04,1.0,69.0,29.0,0.0,37.0
483,Maximilian Kilman,['Wolverhampton Wanderers'],3,1,1,0.0,2.0,4.0,50.0,0.0,0.0,4.0,7.0,3.0,0.0,9.0,17.0,11.0,1.0,12.0,10.0,0.0,0.0,0,,0.0,0.0,0.0,,,,,,0.0,,0,0,2,0.0,0,101,33.67,0.0,0.0,0.0,0.0,2.0
484,Joshua King,['AFC Bournemouth'],26,6,13,,,16.0,,,4.0,8.0,8.0,3.0,,,,,,,,,,6,0.23,0.0,6.0,0.0,3.0,0.0,26.0,13.0,50.0,0.0,3.0,0,0,37,7.0,4,499,19.19,8.0,22.0,,,
488,Timm Klose,['Norwich City'],7,0,7,0.0,13.0,8.0,25.0,0.0,2.0,7.0,27.0,15.0,0.0,30.0,31.0,32.0,2.0,17.0,21.0,0.0,0.0,0,,0.0,0.0,0.0,,,,,,0.0,,0,0,8,0.0,0,393,56.14,0.0,0.0,0.0,0.0,15.0
491,Jonathan Kodjia,['Aston Villa'],6,1,5,,,0.0,,,1.0,0.0,1.0,1.0,,,,,,,,,,0,0.0,0.0,0.0,0.0,0.0,0.0,2.0,0.0,0.0,0.0,0.0,1,0,1,0.0,0,27,4.5,0.0,0.0,,,
492,Sead Kolasinac,['Arsenal'],26,11,7,3.0,26.0,29.0,55.0,0.0,1.0,25.0,33.0,26.0,0.0,103.0,88.0,66.0,16.0,28.0,19.0,0.0,0.0,0,,0.0,0.0,0.0,,,,,,0.0,,4,0,20,5.0,2,900,34.62,2.0,29.0,21.0,0.0,21.0
494,Ezri Konsa Ngoyo,['Aston Villa'],25,7,12,4.0,39.0,18.0,50.0,0.0,3.0,25.0,66.0,23.0,0.0,100.0,104.0,79.0,7.0,49.0,46.0,0.0,1.0,1,,0.0,1.0,0.0,,,,,,0.0,,3,0,17,1.0,2,773,30.92,2.0,13.0,46.0,0.0,34.0
497,Cheikhou Kouyaté,['Crystal Palace'],35,11,15,,,67.0,48.0,,4.0,43.0,55.0,32.0,,139.0,201.0,163.0,17.0,91.0,70.0,,0.0,1,0.03,0.0,1.0,0.0,0.0,0.0,24.0,4.0,17.0,0.0,1.0,4,0,33,2.0,1,851,24.31,1.0,17.0,12.0,1.0,23.0
498,Mateo Kovacic,"['Chelsea', 'Chelsea (Loan)']",31,16,9,,,63.0,60.0,,9.0,22.0,16.0,7.0,,174.0,186.0,115.0,77.0,8.0,17.0,,0.0,1,0.03,0.0,1.0,0.0,0.0,0.0,21.0,5.0,24.0,0.0,0.0,8,0,20,0.0,3,1868,60.26,3.0,8.0,13.0,10.0,93.0
500,Emil Krafth,['Newcastle United'],17,5,8,2.0,23.0,18.0,67.0,0.0,1.0,8.0,40.0,22.0,0.0,43.0,36.0,28.0,4.0,8.0,9.0,0.0,0.0,0,,0.0,0.0,0.0,,,,,,0.0,,0,0,4,0.0,1,329,19.35,1.0,20.0,5.0,0.0,10.0
501,Tim Krul,['Norwich City'],36,5,25,5.0,68.0,,,,,,,,,,,,,,,1.0,1.0,0,,,,,,,,,,,,4,0,1,,0,1382,38.39,,,,,247.0
502,Alexandre Lacazette,['Arsenal'],30,9,9,,,31.0,,,8.0,7.0,14.0,10.0,,,,,,,,,,10,0.33,1.0,8.0,1.0,0.0,0.0,52.0,26.0,50.0,1.0,5.0,8,0,44,13.0,4,505,16.83,4.0,15.0,,,
505,Adam Lallana,"['Liverpool', 'Liverpool']",15,13,1,,,19.0,47.0,,2.0,5.0,2.0,1.0,,31.0,33.0,42.0,2.0,4.0,14.0,,0.0,1,0.07,0.0,1.0,0.0,0.0,0.0,5.0,1.0,20.0,1.0,0.0,1,0,7,1.0,1,266,17.73,1.0,3.0,0.0,1.0,4.0
506,Erik Lamela,['Tottenham Hotspur'],25,10,7,,,24.0,83.0,,10.0,8.0,9.0,5.0,,74.0,86.0,123.0,30.0,6.0,18.0,,0.0,2,0.08,0.0,0.0,2.0,0.0,0.0,29.0,10.0,34.0,0.0,1.0,3,0,30,1.0,1,541,21.64,0.0,49.0,14.0,2.0,17.0
507,Tariq Lamptey,"['Brighton and Hove Albion', 'Chelsea U21']",9,3,3,1.0,8.0,9.0,89.0,0.0,1.0,16.0,15.0,8.0,0.0,33.0,45.0,42.0,15.0,3.0,8.0,0.0,0.0,0,,0.0,0.0,0.0,,,,,,0.0,,2,0,13,0.0,1,178,19.78,3.0,23.0,13.0,0.0,2.0
508,Henri Lansbury,['Aston Villa'],10,3,6,,,6.0,33.0,,0.0,0.0,2.0,0.0,,10.0,9.0,15.0,0.0,2.0,6.0,,0.0,0,0.0,0.0,0.0,0.0,0.0,0.0,2.0,0.0,0.0,0.0,0.0,0,0,4,0.0,0,82,8.2,0.0,1.0,0.0,0.0,7.0
509,Manuel Lanzini,['West Ham United'],24,4,12,,,14.0,64.0,,8.0,10.0,3.0,2.0,,81.0,79.0,82.0,33.0,6.0,15.0,,0.0,0,0.0,0.0,0.0,0.0,0.0,0.0,23.0,7.0,30.0,0.0,3.0,1,0,6,4.0,2,756,31.5,2.0,43.0,35.0,5.0,25.0
510,Aymeric Laporte,['Manchester City'],15,12,2,3.0,5.0,13.0,46.0,0.0,1.0,20.0,26.0,10.0,0.0,70.0,48.0,28.0,2.0,25.0,13.0,0.0,0.0,1,,1.0,0.0,0.0,,,,,,0.0,,1,0,9,0.0,0,1148,76.53,0.0,0.0,0.0,0.0,59.0
512,Jamaal Lascelles,['Newcastle United'],24,8,8,7.0,31.0,14.0,21.0,0.0,2.0,28.0,115.0,68.0,1.0,128.0,109.0,82.0,4.0,74.0,49.0,0.0,1.0,1,,1.0,0.0,0.0,,,,,,0.0,,5,0,22,2.0,0,847,35.29,0.0,0.0,0.0,0.0,53.0
515,Valentino Lazaro,"['Newcastle United (Loan)', 'Newcastle United (Loan)']",13,3,6,,,13.0,69.0,,1.0,3.0,3.0,1.0,,27.0,25.0,27.0,8.0,2.0,6.0,,0.0,1,0.08,0.0,0.0,1.0,0.0,0.0,4.0,1.0,25.0,1.0,0.0,0,1,3,0.0,0,170,13.08,0.0,13.0,31.0,0.0,8.0
518,Moritz Leitner,['Norwich City'],9,1,7,,,16.0,56.0,,2.0,9.0,8.0,2.0,,56.0,38.0,36.0,7.0,5.0,4.0,,0.0,0,0.0,0.0,0.0,0.0,0.0,0.0,8.0,0.0,0.0,2.0,0.0,1,0,8,0.0,0,563,62.56,0.0,5.0,20.0,1.0,19.0
519,Florian Lejeune,['Newcastle United'],6,1,3,1.0,10.0,8.0,25.0,0.0,0.0,10.0,13.0,8.0,0.0,35.0,24.0,19.0,4.0,10.0,7.0,0.0,2.0,2,,0.0,1.0,1.0,,,,,,0.0,,0,0,6,0.0,0,197,32.83,0.0,3.0,0.0,0.0,14.0
521,Aaron Lennon,['Burnley'],16,6,7,,,14.0,57.0,,0.0,8.0,3.0,0.0,,24.0,26.0,29.0,3.0,2.0,9.0,,0.0,0,0.0,0.0,0.0,0.0,0.0,0.0,1.0,0.0,0.0,0.0,0.0,4,0,10,0.0,0,118,7.38,0.0,8.0,13.0,0.0,2.0
522,Bernd Leno,['Arsenal'],30,9,8,7.0,39.0,,,,,,,,,,,,,,,0.0,2.0,0,,,,,,,,,,,,2,0,0,,0,800,26.67,,,,,74.0
524,Jefferson Lerma,['AFC Bournemouth'],33,9,18,,,54.0,59.0,,9.0,57.0,51.0,29.0,,270.0,173.0,144.0,26.0,57.0,51.0,,0.0,1,0.03,1.0,0.0,0.0,0.0,0.0,30.0,2.0,7.0,1.0,0.0,11,1,42,1.0,2,1398,42.36,2.0,6.0,0.0,0.0,96.0
528,Lewis Cook,['AFC Bournemouth'],27,6,17,,,27.0,52.0,,4.0,17.0,15.0,8.0,,109.0,74.0,107.0,24.0,12.0,14.0,,0.0,0,0.0,0.0,0.0,0.0,0.0,0.0,9.0,2.0,22.0,0.0,0.0,5,0,23,0.0,0,720,26.67,0.0,8.0,13.0,5.0,42.0
531,Victor Lindelöf,['Manchester United'],35,17,6,12.0,32.0,29.0,52.0,0.0,1.0,26.0,122.0,58.0,0.0,215.0,135.0,78.0,4.0,96.0,50.0,1.0,0.0,1,,1.0,0.0,0.0,,,,,,0.0,,6,0,22,0.0,0,2094,59.83,0.0,2.0,0.0,2.0,75.0
532,Jesse Lingard,['Manchester United'],22,9,6,,,15.0,53.0,,10.0,3.0,0.0,0.0,,37.0,41.0,72.0,13.0,2.0,12.0,,0.0,1,0.05,0.0,0.0,1.0,0.0,0.0,22.0,6.0,27.0,0.0,2.0,3,0,28,0.0,0,391,17.77,1.0,7.0,0.0,4.0,4.0
534,Hugo Lloris,['Tottenham Hotspur'],21,11,4,6.0,21.0,,,,,,,,,,,,,,,0.0,2.0,0,,,,,,,,,,,,0,0,0,,0,474,22.57,,,,,122.0
535,Giovani Lo Celso,"['Tottenham Hotspur', 'Tottenham Hotspur (Loan)']",28,10,8,,,51.0,57.0,,6.0,9.0,17.0,8.0,,123.0,136.0,145.0,32.0,8.0,22.0,,0.0,0,0.0,0.0,0.0,0.0,0.0,0.0,18.0,3.0,17.0,0.0,1.0,6,0,28,0.0,2,965,34.46,1.0,57.0,21.0,8.0,42.0
536,Jürgen Locadia,"['Brighton and Hove Albion', 'Brighton and Hove Albion', 'Brighton and Hove Albion (Loan)']",2,1,1,,,0.0,,,0.0,0.0,0.0,0.0,,,,,,,,,,0,0.0,0.0,0.0,0.0,0.0,0.0,2.0,1.0,50.0,1.0,1.0,0,0,0,0.0,0,19,9.5,0.0,1.0,,,
537,Ruben Loftus-Cheek,['Chelsea'],7,5,2,,,0.0,0.0,,0.0,2.0,2.0,1.0,,13.0,9.0,11.0,4.0,2.0,3.0,,0.0,0,0.0,0.0,0.0,0.0,0.0,0.0,4.0,0.0,0.0,0.0,1.0,0,0,2,0.0,1,132,18.86,1.0,1.0,0.0,1.0,5.0
539,Kevin Long,['Burnley'],8,3,2,2.0,5.0,7.0,71.0,0.0,1.0,4.0,30.0,15.0,0.0,23.0,40.0,35.0,1.0,28.0,23.0,0.0,0.0,0,,0.0,0.0,0.0,,,,,,0.0,,0,0,9,0.0,0,200,25.0,0.0,0.0,0.0,0.0,11.0
544,Dejan Lovren,"['Liverpool', 'Liverpool']",10,8,1,0.0,11.0,13.0,62.0,2.0,1.0,10.0,41.0,18.0,0.0,51.0,70.0,36.0,1.0,49.0,27.0,0.0,0.0,0,,0.0,0.0,0.0,,,,,,0.0,,1,0,4,0.0,1,680,68.0,1.0,0.0,0.0,2.0,28.0
545,Matthew Lowton,['Burnley'],17,5,8,6.0,31.0,41.0,54.0,0.0,0.0,27.0,52.0,30.0,0.0,72.0,82.0,47.0,9.0,22.0,14.0,0.0,1.0,0,,0.0,0.0,0.0,,,,,,0.0,,2,0,14,0.0,1,551,32.41,2.0,45.0,20.0,2.0,41.0
546,Lucas Moura,['Tottenham Hotspur'],35,15,11,,,57.0,,,21.0,15.0,25.0,18.0,,,,,,,,,,4,0.11,1.0,2.0,1.0,0.0,0.0,56.0,14.0,25.0,0.0,6.0,3,0,30,5.0,4,773,22.09,6.0,21.0,,,
551,John Lundstram,['Sheffield United'],34,12,11,,,46.0,65.0,,10.0,33.0,43.0,22.0,,157.0,99.0,136.0,18.0,24.0,33.0,,0.0,5,0.15,0.0,4.0,1.0,0.0,0.0,43.0,10.0,23.0,1.0,4.0,5,0,27,7.0,3,1176,34.59,8.0,55.0,18.0,3.0,86.0
554,Alexis Mac Allister,"['Brighton and Hove Albion', 'Brighton and Hove Albion', 'Brighton and Hove Albion']",9,3,2,,,9.0,56.0,,3.0,1.0,1.0,0.0,,15.0,17.0,22.0,2.0,3.0,5.0,,0.0,0,0.0,0.0,0.0,0.0,0.0,0.0,7.0,1.0,14.0,0.0,1.0,0,0,4,1.0,0,98,10.89,0.0,23.0,13.0,0.0,2.0
556,James Maddison,['Leicester City'],31,15,9,,,59.0,51.0,,30.0,9.0,5.0,1.0,,162.0,205.0,162.0,51.0,7.0,24.0,,0.0,6,0.19,0.0,4.0,2.0,0.0,1.0,74.0,18.0,24.0,1.0,6.0,4,0,36,4.0,3,1473,47.52,8.0,221.0,27.0,19.0,72.0
559,Harry Maguire,"['Manchester United', 'Leicester City']",38,18,8,13.0,36.0,37.0,62.0,0.0,6.0,72.0,157.0,94.0,0.0,237.0,240.0,128.0,8.0,176.0,71.0,0.0,0.0,1,,1.0,0.0,0.0,,,,,,0.0,,6,0,33,6.0,1,2519,66.29,2.0,2.0,0.0,1.0,169.0
561,Riyad Mahrez,['Manchester City'],33,22,8,,,28.0,,,23.0,18.0,7.0,1.0,,,,,,,,,,11,0.33,0.0,3.0,8.0,1.0,2.0,74.0,32.0,43.0,1.0,5.0,0,0,13,13.0,9,1097,33.24,18.0,88.0,,,
563,Ainsley Maitland-Niles,['Arsenal'],20,9,4,,,41.0,56.0,,1.0,28.0,32.0,12.0,,86.0,90.0,81.0,19.0,17.0,12.0,,0.0,0,0.0,0.0,0.0,0.0,0.0,0.0,4.0,1.0,25.0,0.0,1.0,4,1,15,0.0,2,840,42.0,2.0,18.0,33.0,2.0,35.0
564,Sadio Mané,['Liverpool'],35,29,3,,,44.0,,,11.0,13.0,7.0,3.0,,,,,,,,,,18,0.51,2.0,11.0,5.0,0.0,0.0,77.0,36.0,47.0,2.0,18.0,3,0,46,14.0,7,1104,31.54,10.0,49.0,,,
566,Javier Manquillo,['Newcastle United'],21,6,8,6.0,21.0,39.0,67.0,0.0,1.0,18.0,48.0,20.0,0.0,83.0,79.0,61.0,13.0,16.0,16.0,0.0,0.0,0,,0.0,0.0,0.0,,,,,,0.0,,5,0,18,1.0,1,475,22.62,0.0,45.0,11.0,0.0,17.0
568,Solly March,['Brighton and Hove Albion'],19,3,8,,,25.0,48.0,,6.0,20.0,10.0,5.0,,63.0,67.0,82.0,16.0,15.0,20.0,,0.0,0,0.0,0.0,0.0,0.0,0.0,0.0,21.0,8.0,38.0,0.0,1.0,2,0,10,2.0,1,492,25.89,1.0,67.0,19.0,1.0,25.0
569,Pablo Marí,"['Arsenal', 'Arsenal (Loan)', 'Arsenal (Loan)']",2,1,1,1.0,0.0,2.0,50.0,0.0,0.0,1.0,9.0,6.0,0.0,9.0,6.0,4.0,0.0,4.0,3.0,0.0,0.0,0,,0.0,0.0,0.0,,,,,,0.0,,0,0,2,0.0,0,100,50.0,0.0,0.0,0.0,0.0,8.0
570,Adrian Mariappa,['Watford'],20,4,12,3.0,33.0,20.0,70.0,0.0,1.0,11.0,68.0,35.0,0.0,49.0,70.0,72.0,1.0,42.0,30.0,1.0,0.0,0,,0.0,0.0,0.0,,,,,,0.0,,4,1,20,2.0,0,462,23.1,0.0,22.0,23.0,0.0,25.0
575,Anthony Martial,['Manchester United'],32,16,6,,,15.0,,,21.0,5.0,15.0,10.0,,,,,,,,,,17,0.53,2.0,12.0,3.0,0.0,0.0,80.0,40.0,50.0,2.0,10.0,1,0,28,12.0,6,712,22.25,8.0,11.0,,,
576,Josh Martin,['Norwich City'],5,0,5,,,1.0,,,0.0,1.0,0.0,0.0,,,,,,,,,,0,0.0,0.0,0.0,0.0,0.0,0.0,1.0,1.0,100.0,0.0,0.0,0,0,1,0.0,0,15,3.0,0.0,0.0,,,
577,Adam Masina,['Watford'],26,7,14,4.0,31.0,38.0,58.0,0.0,2.0,28.0,59.0,31.0,2.0,99.0,126.0,101.0,9.0,68.0,33.0,0.0,0.0,1,,0.0,0.0,1.0,,,,,,0.0,,3,0,26,2.0,0,697,26.81,0.0,69.0,20.0,1.0,46.0
581,Arthur Masuaku,['West Ham United'],17,5,7,1.0,18.0,41.0,56.0,0.0,0.0,14.0,22.0,10.0,0.0,74.0,89.0,76.0,27.0,12.0,14.0,0.0,0.0,0,,0.0,0.0,0.0,,,,,,0.0,,4,1,10,0.0,1,503,29.59,2.0,25.0,20.0,2.0,17.0
582,Juan Mata,['Manchester United'],19,6,7,,,7.0,43.0,,2.0,0.0,1.0,0.0,,33.0,24.0,32.0,5.0,2.0,6.0,,0.0,0,0.0,0.0,0.0,0.0,0.0,0.0,10.0,2.0,20.0,0.0,1.0,1,0,7,4.0,2,511,26.89,3.0,23.0,30.0,4.0,21.0
584,Nemanja Matic,['Manchester United'],21,12,4,,,46.0,52.0,,2.0,22.0,26.0,16.0,,146.0,110.0,93.0,20.0,29.0,23.0,,0.0,0,0.0,0.0,0.0,0.0,0.0,0.0,7.0,2.0,29.0,1.0,0.0,3,0,27,0.0,2,1265,60.24,0.0,3.0,67.0,2.0,46.0
585,Joel Matip,['Liverpool'],9,7,0,2.0,5.0,13.0,69.0,0.0,0.0,12.0,37.0,24.0,0.0,51.0,66.0,21.0,2.0,47.0,5.0,0.0,0.0,1,,1.0,0.0,0.0,,,,,,0.0,,0,0,7,0.0,0,553,61.44,0.0,1.0,0.0,0.0,26.0
586,Matthew Longstaff,"['Newcastle United', 'Newcastle United', 'Newcastle United U21']",9,2,4,,,3.0,33.0,,1.0,5.0,3.0,1.0,,38.0,17.0,29.0,3.0,6.0,5.0,,0.0,2,0.22,0.0,2.0,0.0,0.0,0.0,4.0,2.0,50.0,1.0,0.0,1,0,6,0.0,0,255,28.33,1.0,2.0,50.0,1.0,10.0
588,Neal Maupay,"['Brighton and Hove Albion', 'Brighton and Hove Albion']",37,9,15,,,20.0,,,31.0,4.0,8.0,3.0,,,,,,,,,,10,0.27,3.0,2.0,5.0,1.0,0.0,96.0,38.0,40.0,1.0,10.0,3,0,38,15.0,3,668,18.05,3.0,12.0,,,
590,James McArthur,['Crystal Palace'],37,11,16,,,88.0,58.0,,8.0,60.0,47.0,17.0,,185.0,195.0,250.0,29.0,45.0,75.0,,0.0,0,0.0,0.0,0.0,0.0,0.0,0.0,28.0,6.0,21.0,0.0,2.0,6,0,57,4.0,3,1428,38.59,3.0,44.0,16.0,4.0,62.0
591,Oliver McBurnie,['Sheffield United'],36,14,12,,,37.0,,,7.0,15.0,40.0,35.0,,,,,,,,,,6,0.17,2.0,4.0,0.0,0.0,0.0,50.0,25.0,50.0,0.0,10.0,4,0,28,5.0,0,617,17.14,2.0,9.0,,,
593,James McCarthy,"['Crystal Palace', 'Everton']",33,9,15,,,82.0,57.0,,3.0,24.0,10.0,1.0,,133.0,122.0,98.0,7.0,15.0,19.0,,0.0,0,0.0,0.0,0.0,0.0,0.0,0.0,12.0,3.0,25.0,0.0,0.0,9,0,31,0.0,0,783,23.73,1.0,35.0,31.0,0.0,53.0
596,John McGinn,['Aston Villa'],28,6,15,,,53.0,66.0,,12.0,25.0,15.0,6.0,,151.0,191.0,177.0,53.0,19.0,31.0,,0.0,3,0.11,0.0,0.0,3.0,0.0,0.0,55.0,20.0,36.0,2.0,4.0,3,0,37,0.0,3,715,25.54,3.0,66.0,21.0,3.0,82.0
597,David McGoldrick,['Sheffield United'],28,10,8,,,41.0,,,8.0,3.0,23.0,17.0,,,,,,,,,,2,0.07,0.0,1.0,1.0,0.0,0.0,46.0,20.0,43.0,0.0,15.0,2,0,30,12.0,2,610,21.79,4.0,8.0,,,
598,Michael McGovern,['Norwich City'],2,0,2,0.0,6.0,,,,,,,,,,,,,,,0.0,0.0,0,,,,,,,,,,,,0,0,0,,0,40,20.0,,,,,4.0
601,Kenny McLean,['Norwich City'],37,4,27,,,44.0,66.0,,7.0,38.0,64.0,47.0,,191.0,225.0,197.0,31.0,96.0,96.0,,1.0,1,0.03,1.0,0.0,0.0,0.0,0.0,30.0,10.0,33.0,2.0,0.0,5,0,24,1.0,1,1680,45.41,5.0,53.0,21.0,9.0,81.0
602,Dwight McNeil,['Burnley'],38,15,14,,,47.0,,,16.0,30.0,27.0,11.0,,,,,,,,,,2,0.05,0.0,0.0,2.0,0.0,0.0,48.0,14.0,29.0,2.0,1.0,5,0,29,0.0,6,1029,27.08,12.0,257.0,,,
604,Scott McTominay,['Manchester United'],27,14,5,,,43.0,51.0,,12.0,31.0,33.0,20.0,,147.0,170.0,124.0,31.0,44.0,31.0,,1.0,4,0.15,0.0,3.0,1.0,0.0,0.0,29.0,10.0,34.0,0.0,1.0,2,0,36,0.0,1,1011,37.44,2.0,14.0,21.0,2.0,62.0
606,Ben Mee,['Burnley'],32,13,13,13.0,45.0,41.0,54.0,0.0,4.0,42.0,160.0,80.0,0.0,176.0,195.0,125.0,6.0,131.0,90.0,0.0,2.0,1,,1.0,0.0,0.0,,,,,,1.0,,7,0,25,3.0,1,1257,39.28,3.0,3.0,33.0,0.0,102.0
608,Nampalys Mendy,"['Leicester City', 'Leicester City']",7,4,2,,,7.0,71.0,,0.0,6.0,4.0,2.0,,32.0,21.0,10.0,1.0,5.0,2.0,,0.0,0,0.0,0.0,0.0,0.0,0.0,0.0,1.0,1.0,100.0,0.0,0.0,0,0,4,0.0,0,209,29.86,0.0,2.0,100.0,0.0,10.0
610,Chris Mepham,['AFC Bournemouth'],12,2,8,1.0,19.0,20.0,45.0,1.0,1.0,17.0,62.0,35.0,0.0,54.0,61.0,43.0,3.0,33.0,23.0,0.0,1.0,1,,0.0,1.0,0.0,,,,,,0.0,,1,0,11,1.0,0,500,41.67,0.0,3.0,33.0,0.0,19.0
611,Max Meyer,['Crystal Palace'],17,2,10,,,19.0,58.0,,2.0,7.0,2.0,0.0,,27.0,43.0,47.0,6.0,2.0,9.0,,0.0,0,0.0,0.0,0.0,0.0,0.0,0.0,9.0,2.0,22.0,0.0,0.0,1,0,6,2.0,0,201,11.82,0.0,9.0,11.0,0.0,3.0
614,Luka Milivojevic,['Crystal Palace'],31,8,15,,,61.0,52.0,,10.0,42.0,37.0,14.0,,179.0,128.0,144.0,7.0,35.0,28.0,,0.0,3,0.1,0.0,3.0,0.0,2.0,1.0,31.0,9.0,29.0,0.0,0.0,12,0,50,1.0,1,1433,46.23,1.0,144.0,22.0,3.0,104.0
616,James Milner,['Liverpool'],22,21,0,,,16.0,63.0,,2.0,7.0,16.0,7.0,,63.0,51.0,50.0,10.0,13.0,13.0,,0.0,2,0.09,0.0,2.0,0.0,2.0,0.0,12.0,4.0,33.0,0.0,1.0,4,0,11,1.0,2,747,33.95,1.0,20.0,10.0,3.0,49.0
617,Yerry Mina,['Everton'],29,10,12,4.0,37.0,39.0,56.0,0.0,6.0,28.0,98.0,58.0,0.0,131.0,170.0,97.0,6.0,114.0,70.0,1.0,0.0,2,,1.0,1.0,0.0,,,,,,0.0,,3,0,20,2.0,1,1361,46.93,2.0,4.0,0.0,1.0,108.0
618,Takumi Minamino,['Liverpool'],10,6,3,,,3.0,,,3.0,0.0,3.0,0.0,,,,,,,,,,0,0.0,0.0,0.0,0.0,0.0,0.0,8.0,2.0,25.0,0.0,1.0,0,0,7,0.0,0,106,10.6,0.0,2.0,,,
619,Tyrone Mings,"['Aston Villa', 'Aston Villa (Loan)', 'AFC Bournemouth', 'AFC Bournemouth']",33,8,17,6.0,53.0,15.0,73.0,0.0,0.0,30.0,189.0,83.0,3.0,201.0,105.0,70.0,12.0,67.0,46.0,0.0,2.0,2,,0.0,0.0,2.0,,,,,,0.0,,7,0,20,2.0,2,1384,41.94,1.0,7.0,14.0,0.0,117.0
621,Tyrick Mitchell,"['Crystal Palace', 'Crystal Palace']",4,0,3,0.0,4.0,5.0,40.0,0.0,0.0,2.0,1.0,0.0,0.0,7.0,7.0,18.0,1.0,0.0,6.0,0.0,0.0,0,,0.0,0.0,0.0,,,,,,0.0,,1,0,1,0.0,0,94,23.5,0.0,4.0,75.0,0.0,3.0
623,Henrikh Mkhitaryan,"['Arsenal', 'Arsenal']",3,1,1,,,0.0,0.0,,1.0,0.0,1.0,1.0,,4.0,6.0,13.0,2.0,2.0,1.0,,0.0,0,0.0,0.0,0.0,0.0,0.0,0.0,2.0,0.0,0.0,0.0,1.0,1,0,2,1.0,0,69,23.0,0.0,4.0,0.0,1.0,1.0
626,Mohamed Salah,['Liverpool'],34,30,3,,,16.0,,,37.0,8.0,2.0,1.0,,,,,,,,,,19,0.56,2.0,2.0,15.0,3.0,0.0,132.0,59.0,45.0,5.0,15.0,1,0,17,20.0,10,979,28.79,13.0,45.0,,,
628,Martín Montoya,['Brighton and Hove Albion'],27,7,12,6.0,32.0,57.0,51.0,1.0,2.0,24.0,31.0,14.0,0.0,87.0,103.0,102.0,10.0,22.0,19.0,0.0,0.0,0,,0.0,0.0,0.0,,,,,,0.0,,5,0,27,4.0,1,1004,37.19,3.0,44.0,30.0,1.0,48.0
630,Aaron Mooy,"['Brighton and Hove Albion', 'Brighton and Hove Albion', 'Brighton and Hove Albion (Loan)']",31,6,11,,,37.0,65.0,,8.0,23.0,27.0,10.0,,134.0,101.0,132.0,38.0,15.0,25.0,,0.0,2,0.06,0.0,1.0,1.0,0.0,0.0,33.0,8.0,24.0,0.0,3.0,1,1,13,0.0,2,970,31.29,4.0,109.0,21.0,4.0,43.0
633,Wes Morgan,['Leicester City'],11,8,2,1.0,6.0,4.0,25.0,0.0,1.0,7.0,19.0,7.0,0.0,16.0,26.0,23.0,2.0,20.0,16.0,0.0,0.0,0,,0.0,0.0,0.0,,,,,,0.0,,0,0,4,0.0,0,245,22.27,0.0,0.0,0.0,0.0,7.0
635,Ravel Morrison,"['Sheffield United', 'Sheffield United', 'Sheffield United', 'Sheffield United']",1,0,1,,,0.0,0.0,,0.0,0.0,0.0,0.0,,0.0,0.0,2.0,0.0,0.0,0.0,,0.0,0,0.0,0.0,0.0,0.0,0.0,0.0,1.0,0.0,0.0,0.0,0.0,0,0,1,0.0,0,6,6.0,0.0,0.0,0.0,0.0,0.0
637,Mason Mount,['Chelsea'],37,19,12,,,37.0,46.0,,28.0,16.0,18.0,7.0,,141.0,125.0,199.0,40.0,10.0,47.0,,0.0,7,0.19,0.0,7.0,0.0,0.0,1.0,78.0,29.0,37.0,3.0,9.0,3,0,37,4.0,5,1241,33.54,8.0,136.0,24.0,3.0,26.0
638,Lys Mousset,"['Sheffield United', 'AFC Bournemouth']",30,12,8,,,9.0,,,14.0,4.0,2.0,1.0,,,,,,,,,,6,0.2,0.0,4.0,2.0,0.0,0.0,37.0,9.0,24.0,1.0,6.0,1,0,24,16.0,4,240,8.0,7.0,4.0,,,
642,Glenn Murray,['Brighton and Hove Albion'],23,5,8,,,5.0,,,3.0,1.0,11.0,6.0,,,,,,,,,,1,0.04,0.0,1.0,0.0,0.0,0.0,18.0,5.0,28.0,0.0,4.0,0,0,15,10.0,1,167,7.26,2.0,4.0,,,
644,Shkodran Mustafi,['Arsenal'],15,5,4,4.0,17.0,17.0,59.0,0.0,2.0,18.0,70.0,44.0,0.0,42.0,88.0,42.0,3.0,65.0,21.0,0.0,0.0,0,,0.0,0.0,0.0,,,,,,0.0,,2,0,14,0.0,1,844,56.27,1.0,2.0,50.0,0.0,48.0
646,Yoshinori Muto,['Newcastle United'],8,1,6,,,3.0,,,0.0,0.0,0.0,0.0,,,,,,,,,,0,0.0,0.0,0.0,0.0,0.0,0.0,1.0,0.0,0.0,0.0,0.0,0,0,2,3.0,0,32,4.0,0.0,1.0,,,
648,Nacho Monreal,['Arsenal'],3,2,1,1.0,4.0,1.0,100.0,0.0,0.0,3.0,10.0,8.0,0.0,14.0,11.0,14.0,2.0,7.0,8.0,0.0,0.0,0,,0.0,0.0,0.0,,,,,,0.0,,0,0,1,2.0,0,177,59.0,1.0,4.0,0.0,0.0,4.0
649,Marvelous Nakamba,['Aston Villa'],29,7,16,,,55.0,51.0,,0.0,39.0,32.0,7.0,,155.0,115.0,110.0,14.0,23.0,29.0,,1.0,0,0.0,0.0,0.0,0.0,0.0,0.0,7.0,1.0,14.0,0.0,0.0,5,0,26,0.0,0,782,26.97,0.0,4.0,0.0,0.0,24.0
652,Wilfred Ndidi,['Leicester City'],32,17,9,,,128.0,52.0,,7.0,80.0,61.0,25.0,,271.0,260.0,203.0,22.0,83.0,69.0,,1.0,2,0.06,1.0,1.0,0.0,0.0,0.0,26.0,3.0,12.0,1.0,0.0,6,0,56,1.0,1,1669,52.16,0.0,3.0,0.0,2.0,79.0
653,Tanguy Ndombele,['Tottenham Hotspur'],21,5,9,,,24.0,67.0,,3.0,14.0,6.0,1.0,,79.0,97.0,70.0,38.0,7.0,9.0,,0.0,2,0.1,0.0,1.0,1.0,0.0,0.0,9.0,4.0,44.0,0.0,0.0,3,0,14,0.0,2,632,30.1,1.0,12.0,17.0,4.0,19.0
655,Neco Williams,['Liverpool'],6,4,1,0.0,2.0,5.0,60.0,0.0,5.0,9.0,3.0,1.0,0.0,16.0,19.0,15.0,6.0,6.0,3.0,0.0,0.0,0,,0.0,0.0,0.0,,,,,,0.0,,1,0,5,0.0,0,167,27.83,0.0,14.0,29.0,1.0,11.0
656,Reiss Nelson,['Arsenal'],17,8,4,,,11.0,,,5.0,3.0,2.0,0.0,,,,,,,,,,1,0.06,0.0,1.0,0.0,0.0,0.0,11.0,4.0,36.0,0.0,0.0,1,0,8,4.0,0,207,12.18,0.0,24.0,,,
658,Jeremy Ngakia,['West Ham United'],5,1,4,0.0,8.0,15.0,47.0,0.0,0.0,7.0,15.0,3.0,0.0,16.0,32.0,36.0,9.0,7.0,13.0,0.0,0.0,0,,0.0,0.0,0.0,,,,,,0.0,,0,0,4,1.0,0,106,21.2,0.0,12.0,8.0,1.0,6.0
659,Oumar Niasse,"['Everton', 'Everton']",3,0,0,,,4.0,,,0.0,1.0,0.0,0.0,,,,,,,,,,0,0.0,0.0,0.0,0.0,0.0,0.0,0.0,0.0,0.0,0.0,0.0,0,0,2,0.0,0,3,1.0,0.0,1.0,,,
660,Eddie Nketiah,"['Arsenal', 'Arsenal']",13,7,3,,,7.0,,,2.0,2.0,5.0,2.0,,,,,,,,,,2,0.15,0.0,1.0,1.0,0.0,0.0,15.0,5.0,33.0,4.0,3.0,0,1,16,3.0,0,140,10.77,1.0,1.0,,,
661,Georges-Kévin Nkoudou,"['Tottenham Hotspur', 'Tottenham Hotspur']",1,1,0,,,0.0,0.0,,1.0,0.0,0.0,0.0,,0.0,0.0,1.0,0.0,0.0,0.0,,0.0,0,0.0,0.0,0.0,0.0,0.0,0.0,1.0,0.0,0.0,0.0,0.0,0,0,0,0.0,0,0,0.0,0.0,0.0,0.0,0.0,0.0
663,Mark Noble,['West Ham United'],33,9,16,,,52.0,58.0,,3.0,20.0,10.0,8.0,,189.0,123.0,121.0,25.0,15.0,12.0,,0.0,4,0.12,0.0,4.0,0.0,3.0,0.0,17.0,6.0,35.0,0.0,0.0,5,0,28,1.0,3,1504,45.58,5.0,41.0,32.0,4.0,111.0
667,Oliver Norwood,"['Sheffield United', 'Brighton and Hove Albion']",38,14,12,,,66.0,56.0,,5.0,47.0,39.0,19.0,,275.0,135.0,134.0,9.0,44.0,30.0,,0.0,1,0.03,0.0,1.0,0.0,1.0,0.0,17.0,6.0,35.0,0.0,0.0,8,0,32,1.0,1,2007,52.82,6.0,198.0,27.0,1.0,231.0
668,Ørjan Nyland,['Aston Villa'],7,1,4,1.0,12.0,,,,,,,,,,,,,,,0.0,0.0,0,,,,,,,,,,,,0,0,0,,0,152,21.71,,,,,35.0
669,Jack O'Connell,['Sheffield United'],33,13,9,12.0,28.0,23.0,61.0,1.0,3.0,42.0,144.0,76.0,0.0,184.0,182.0,112.0,9.0,135.0,66.0,0.0,1.0,0,,0.0,0.0,0.0,,,,,,0.0,,4,0,22,2.0,1,1557,47.18,6.0,51.0,22.0,1.0,125.0
676,Michael Obafemi,['Southampton'],21,9,9,,,7.0,,,5.0,6.0,0.0,0.0,,,,,,,,,,3,0.14,0.0,2.0,1.0,0.0,0.0,12.0,5.0,42.0,0.0,0.0,1,0,11,3.0,2,137,6.52,2.0,2.0,,,
679,Angelo Ogbonna,['West Ham United'],31,10,13,6.0,44.0,38.0,63.0,1.0,1.0,27.0,130.0,65.0,0.0,141.0,159.0,97.0,5.0,102.0,62.0,1.0,0.0,2,,0.0,0.0,1.0,,,,,,0.0,,4,0,22,0.0,0,977,31.52,0.0,2.0,50.0,1.0,76.0
687,Divock Origi,['Liverpool'],28,23,3,,,12.0,,,4.0,4.0,5.0,2.0,,,,,,,,,,4,0.14,1.0,2.0,1.0,0.0,0.0,14.0,6.0,43.0,0.0,0.0,1,0,12,0.0,1,196,7.0,1.0,18.0,,,
688,Ben Osborn,['Sheffield United'],13,8,2,,,15.0,67.0,,1.0,6.0,6.0,2.0,,43.0,31.0,35.0,4.0,6.0,9.0,,0.0,0,0.0,0.0,0.0,0.0,0.0,0.0,3.0,1.0,33.0,0.0,0.0,0,0,9,1.0,0,231,17.77,1.0,16.0,19.0,0.0,8.0
691,Nicolás Otamendi,['Manchester City'],24,16,7,6.0,21.0,28.0,50.0,0.0,2.0,21.0,73.0,33.0,0.0,84.0,94.0,73.0,3.0,61.0,37.0,0.0,1.0,2,,1.0,1.0,0.0,,,,,,0.0,,3,0,21,0.0,0,1533,63.88,0.0,0.0,0.0,0.0,60.0
695,Alex Oxlade-Chamberlain,['Liverpool'],30,24,3,,,18.0,50.0,,18.0,22.0,8.0,1.0,,79.0,75.0,103.0,29.0,14.0,29.0,,0.0,4,0.13,0.0,4.0,0.0,0.0,0.0,40.0,10.0,25.0,1.0,0.0,1,0,17,2.0,1,701,23.37,0.0,46.0,15.0,4.0,42.0
696,Mesut Özil,['Arsenal'],18,5,4,,,17.0,47.0,,4.0,5.0,1.0,0.0,,71.0,52.0,65.0,16.0,1.0,4.0,,0.0,1,0.06,0.0,0.0,1.0,0.0,0.0,9.0,3.0,33.0,0.0,1.0,1,0,14,6.0,2,836,46.44,1.0,72.0,28.0,2.0,21.0
701,Troy Parrott,"['Tottenham Hotspur', 'Tottenham Hotspur', 'Tottenham Hotspur']",2,1,1,,,0.0,,,0.0,0.0,0.0,0.0,,,,,,,,,,0,0.0,0.0,0.0,0.0,0.0,0.0,0.0,0.0,0.0,0.0,0.0,0,0,0,0.0,0,4,2.0,0.0,0.0,,,
706,Pedro,"['Chelsea', 'Chelsea']",11,4,4,,,15.0,,,8.0,9.0,1.0,0.0,,,,,,,,,,1,0.09,0.0,1.0,0.0,0.0,0.0,22.0,10.0,45.0,0.0,1.0,1,0,8,0.0,1,315,28.64,1.0,20.0,,,
707,Pedro Neto,['Wolverhampton Wanderers'],29,13,6,,,9.0,,,5.0,6.0,3.0,0.0,,,,,,,,,,3,0.1,0.0,1.0,2.0,0.0,0.0,17.0,6.0,35.0,0.0,3.0,3,0,14,4.0,3,349,12.03,5.0,48.0,,,
711,Nicolas Pépé,['Arsenal'],31,13,9,,,32.0,,,13.0,8.0,4.0,2.0,,,,,,,,,,5,0.16,0.0,0.0,5.0,1.0,0.0,50.0,18.0,36.0,3.0,2.0,4,0,14,4.0,6,706,22.77,8.0,109.0,,,
712,Pepe Reina,"['Aston Villa (Loan)', 'Aston Villa (Loan)']",12,3,6,2.0,20.0,,,,,,,,,,,,,,,0.0,1.0,0,,,,,,,,,,,,1,0,1,,0,345,28.75,,,,,101.0
713,Roberto Pereyra,['Watford'],28,5,13,,,20.0,40.0,,8.0,14.0,5.0,3.0,,98.0,78.0,120.0,20.0,5.0,22.0,,0.0,3,0.11,0.0,2.0,1.0,1.0,0.0,21.0,9.0,43.0,0.0,2.0,4,0,21,5.0,0,613,21.89,1.0,32.0,19.0,0.0,12.0
714,Ayoze Pérez,"['Leicester City', 'Newcastle United']",33,15,12,,,45.0,,,11.0,14.0,8.0,4.0,,,,,,,,,,8,0.24,0.0,7.0,1.0,1.0,0.0,47.0,22.0,47.0,1.0,3.0,0,0,30,6.0,4,734,22.24,6.0,27.0,,,
717,Jordan Pickford,['Everton'],38,13,15,9.0,56.0,,,,,,,,,,,,,,,0.0,4.0,0,,,,,,,,,,,,2,0,1,,0,1184,31.16,,,,,293.0
718,Brandon Pierrick,"['Crystal Palace', 'Crystal Palace', 'Crystal Palace']",2,0,1,,,0.0,,,0.0,0.0,1.0,1.0,,,,,,,,,,0,0.0,0.0,0.0,0.0,0.0,0.0,0.0,0.0,0.0,0.0,0.0,0,0,0,0.0,0,7,3.5,0.0,2.0,,,
719,Erik Pieters,['Burnley'],24,8,10,6.0,35.0,54.0,59.0,0.0,1.0,28.0,48.0,23.0,0.0,97.0,110.0,93.0,4.0,33.0,18.0,0.0,0.0,0,,0.0,0.0,0.0,,,,,,0.0,,2,0,21,0.0,4,745,31.04,5.0,41.0,27.0,3.0,29.0
721,Paul Pogba,['Manchester United'],16,8,2,,,20.0,45.0,,5.0,7.0,10.0,7.0,,109.0,94.0,85.0,27.0,29.0,11.0,,1.0,1,0.06,0.0,1.0,0.0,0.0,0.0,22.0,8.0,36.0,0.0,3.0,1,0,26,2.0,3,1034,64.63,3.0,6.0,17.0,10.0,94.0
722,Nick Pope,['Burnley'],38,15,14,15.0,50.0,,,,,,,,,,,,,,,0.0,2.0,0,,,,,,,,,,,,1,0,0,,0,1007,26.5,,,,,277.0
727,Dennis Praet,['Leicester City'],27,11,11,,,33.0,55.0,,8.0,17.0,12.0,5.0,,74.0,63.0,80.0,12.0,6.0,13.0,,0.0,1,0.04,0.0,1.0,0.0,0.0,0.0,16.0,3.0,19.0,1.0,0.0,2,0,18,1.0,2,521,19.3,3.0,21.0,10.0,2.0,21.0
728,Sebastian Prödl,['Watford'],1,0,0,0.0,0.0,0.0,0.0,0.0,0.0,0.0,4.0,3.0,0.0,3.0,3.0,2.0,0.0,3.0,1.0,0.0,0.0,0,,0.0,0.0,0.0,,,,,,0.0,,0,0,1,0.0,0,11,11.0,0.0,0.0,0.0,0.0,0.0
729,Davy Pröpper,['Brighton and Hove Albion'],35,8,13,,,64.0,55.0,,10.0,38.0,33.0,15.0,,236.0,156.0,146.0,46.0,28.0,22.0,,2.0,1,0.03,1.0,0.0,0.0,0.0,0.0,29.0,8.0,28.0,0.0,2.0,4,0,31,0.0,2,1784,50.97,4.0,39.0,13.0,3.0,70.0
732,Teemu Pukki,['Norwich City'],36,5,25,,,12.0,,,24.0,6.0,6.0,2.0,,,,,,,,,,11,0.31,0.0,9.0,2.0,2.0,0.0,80.0,35.0,44.0,1.0,11.0,3,0,23,17.0,3,529,14.69,4.0,8.0,,,
733,Christian Pulisic,"['Chelsea', 'Chelsea']",25,13,9,,,23.0,48.0,,15.0,6.0,7.0,4.0,,79.0,128.0,190.0,55.0,20.0,45.0,,0.0,9,0.36,2.0,4.0,3.0,0.0,0.0,63.0,26.0,41.0,1.0,8.0,0,0,14,3.0,4,668,26.72,6.0,35.0,11.0,4.0,19.0
735,Ignacio Pussetto,['Watford'],7,1,4,,,7.0,57.0,,0.0,3.0,3.0,1.0,,10.0,12.0,16.0,2.0,1.0,4.0,,0.0,0,0.0,0.0,0.0,0.0,0.0,0.0,0.0,0.0,0.0,0.0,0.0,1,0,3,0.0,0,29,4.14,0.0,4.0,25.0,0.0,2.0
743,Aaron Ramsdale,"['AFC Bournemouth', 'AFC Bournemouth']",37,9,21,5.0,62.0,,,,,,,,,,,,,,,0.0,1.0,0,,,,,,,,,,,,0,0,0,,1,945,25.54,,,,,203.0
745,Darren Randolph,['West Ham United'],2,0,1,0.0,5.0,,,,,,,,,,,,,,,0.0,0.0,0,,,,,,,,,,,,0,0,0,,0,36,18.0,,,,,16.0
746,Marcus Rashford,['Manchester United'],31,15,6,,,13.0,,,18.0,10.0,16.0,9.0,,,,,,,,,,17,0.55,1.0,13.0,3.0,6.0,0.0,95.0,44.0,46.0,6.0,13.0,3,0,21,13.0,7,941,30.35,9.0,33.0,,,
747,Nathan Redmond,['Southampton'],32,13,13,,,49.0,59.0,,14.0,16.0,10.0,1.0,,203.0,176.0,196.0,79.0,18.0,45.0,,0.0,4,0.13,0.0,3.0,1.0,0.0,0.0,59.0,21.0,36.0,2.0,3.0,2,0,23,5.0,4,1021,31.91,6.0,41.0,17.0,4.0,38.0
753,Ricardo Pereira,['Leicester City'],28,15,8,10.0,27.0,119.0,57.0,3.0,3.0,49.0,74.0,38.0,0.0,171.0,257.0,215.0,60.0,42.0,48.0,0.0,0.0,3,,0.0,2.0,1.0,,,,,,0.0,,1,0,45,0.0,2,1572,56.14,5.0,60.0,15.0,4.0,59.0
754,Declan Rice,['West Ham United'],38,10,19,7.0,62.0,116.0,52.0,0.0,8.0,77.0,51.0,24.0,0.0,312.0,223.0,161.0,49.0,52.0,34.0,0.0,0.0,1,,0.0,1.0,0.0,,,,,,2.0,,6,0,41,2.0,3,1733,45.61,1.0,28.0,39.0,1.0,128.0
757,Richarlison,['Everton'],36,13,15,,,70.0,,,24.0,12.0,40.0,29.0,,,,,,,,,,13,0.36,4.0,3.0,5.0,0.0,0.0,90.0,32.0,36.0,3.0,5.0,8,0,43,17.0,3,788,21.89,13.0,56.0,,,
758,Diego Rico,['AFC Bournemouth'],27,8,14,5.0,38.0,61.0,64.0,0.0,4.0,84.0,60.0,27.0,0.0,168.0,129.0,108.0,13.0,33.0,28.0,0.0,0.0,0,,0.0,0.0,0.0,,,,,,1.0,,6,0,18,2.0,4,1085,40.19,5.0,173.0,25.0,2.0,57.0
759,Jairo Riedewald,['Crystal Palace'],17,4,6,0.0,9.0,14.0,71.0,0.0,2.0,17.0,19.0,8.0,0.0,47.0,27.0,22.0,8.0,3.0,5.0,0.0,0.0,0,,0.0,0.0,0.0,,,,,,0.0,,0,0,3,0.0,0,329,19.35,0.0,6.0,17.0,1.0,16.0
760,Matt Ritchie,['Newcastle United'],18,4,8,,,22.0,68.0,,9.0,14.0,27.0,14.0,,78.0,67.0,67.0,8.0,21.0,19.0,,0.0,2,0.11,0.0,0.0,2.0,0.0,0.0,26.0,8.0,31.0,1.0,1.0,4,0,26,0.0,1,526,29.22,4.0,99.0,29.0,0.0,23.0
761,Roberto Firmino,['Liverpool'],38,32,3,,,37.0,,,29.0,7.0,11.0,9.0,,,,,,,,,,9,0.24,3.0,3.0,3.0,0.0,0.0,99.0,39.0,39.0,4.0,20.0,0,0,29,6.0,8,1161,30.55,10.0,9.0,,,
763,Andrew Robertson,['Liverpool'],36,31,3,9.0,31.0,54.0,57.0,0.0,7.0,38.0,58.0,25.0,0.0,210.0,122.0,116.0,22.0,33.0,34.0,0.0,0.0,2,,2.0,0.0,0.0,,,,,,0.0,,2,0,18,2.0,12,2492,69.22,14.0,210.0,20.0,2.0,84.0
764,Callum Robinson,"['Sheffield United', 'Sheffield United', 'Sheffield United']",16,3,5,,,6.0,,,3.0,7.0,3.0,3.0,,,,,,,,,,1,0.06,0.0,1.0,0.0,0.0,0.0,12.0,4.0,33.0,0.0,1.0,1,0,11,1.0,1,138,8.63,1.0,15.0,,,
766,Rodrigo,['Manchester City'],35,24,8,,,50.0,60.0,,4.0,26.0,32.0,19.0,,228.0,170.0,141.0,31.0,57.0,30.0,,0.0,3,0.09,1.0,2.0,0.0,0.0,0.0,24.0,9.0,38.0,0.0,0.0,8,0,43,0.0,2,2579,73.69,3.0,8.0,25.0,2.0,171.0
767,Jay Rodriguez,['Burnley'],36,14,13,,,29.0,,,12.0,5.0,11.0,6.0,,,,,,,,,,8,0.22,3.0,3.0,1.0,1.0,0.0,67.0,30.0,45.0,2.0,11.0,1,0,26,22.0,1,464,12.89,1.0,15.0,,,
768,Jack Rodwell,"['Sheffield United', 'Sheffield United']",1,0,0,,,0.0,0.0,,0.0,0.0,1.0,0.0,,1.0,0.0,1.0,0.0,0.0,1.0,,0.0,0,0.0,0.0,0.0,0.0,0.0,0.0,0.0,0.0,0.0,0.0,0.0,0,0,0,0.0,0,2,2.0,0.0,0.0,0.0,0.0,0.0
769,Marcos Rojo,"['Manchester United', 'Manchester United']",3,1,1,0.0,2.0,3.0,33.0,0.0,0.0,0.0,6.0,4.0,0.0,7.0,6.0,6.0,0.0,2.0,2.0,0.0,0.0,0,,0.0,0.0,0.0,,,,,,0.0,,1,0,2,0.0,0,46,15.33,0.0,3.0,0.0,0.0,0.0
772,Oriol Romeu,['Southampton'],30,13,12,,,55.0,64.0,,5.0,34.0,30.0,11.0,,152.0,126.0,130.0,13.0,42.0,39.0,,0.0,0,0.0,0.0,0.0,0.0,0.0,0.0,8.0,0.0,0.0,0.0,0.0,5,0,39,1.0,0,1076,35.87,4.0,6.0,50.0,1.0,46.0
774,Danny Rose,"['Newcastle United (Loan)', 'Newcastle United (Loan)', 'Tottenham Hotspur', 'Tottenham Hotspur', 'Tottenham Hotspur']",23,6,10,4.0,28.0,39.0,59.0,0.0,1.0,18.0,41.0,19.0,0.0,95.0,113.0,82.0,15.0,20.0,18.0,0.0,2.0,0,,0.0,0.0,0.0,,,,,,0.0,,7,0,25,0.0,0,837,36.39,1.0,45.0,22.0,1.0,20.0
775,Rúben Neves,['Wolverhampton Wanderers'],38,15,9,,,62.0,53.0,,23.0,56.0,31.0,12.0,,303.0,128.0,120.0,22.0,29.0,27.0,,0.0,2,0.05,0.0,2.0,0.0,0.0,0.0,61.0,10.0,16.0,2.0,0.0,9,0,29,0.0,2,2023,53.24,3.0,34.0,24.0,8.0,222.0
776,Rúben Vinagre,['Wolverhampton Wanderers'],16,6,4,1.0,6.0,23.0,57.0,0.0,1.0,11.0,15.0,5.0,0.0,45.0,58.0,58.0,20.0,7.0,10.0,0.0,0.0,0,,0.0,0.0,0.0,,,,,,0.0,,1,0,7,0.0,0,242,15.13,2.0,30.0,30.0,0.0,6.0
778,Antonio Rüdiger,['Chelsea'],20,10,7,5.0,24.0,28.0,64.0,0.0,3.0,16.0,56.0,29.0,0.0,141.0,96.0,69.0,3.0,57.0,39.0,1.0,1.0,2,,2.0,0.0,0.0,,,,,,0.0,,3,0,19,0.0,0,1492,74.6,2.0,7.0,14.0,3.0,113.0
779,Rui Patrício,['Wolverhampton Wanderers'],38,15,9,13.0,40.0,,,,,,,,,,,,,,,0.0,2.0,0,,,,,,,,,,,,0,0,0,,0,734,19.32,,,,,281.0
780,Lukas Rupp,['Norwich City'],12,2,9,,,15.0,60.0,,1.0,15.0,2.0,1.0,,56.0,30.0,56.0,4.0,5.0,14.0,,0.0,0,0.0,0.0,0.0,0.0,0.0,0.0,4.0,2.0,50.0,0.0,1.0,1,0,10,0.0,0,265,22.08,1.0,3.0,0.0,2.0,4.0
782,Mat Ryan,['Brighton and Hove Albion'],38,9,15,9.0,54.0,,,,,,,,,,,,,,,0.0,0.0,0,,,,,,,,,,,,0,0,0,,0,1220,32.11,,,,,260.0
783,Ryan Sessegnon,['Tottenham Hotspur'],6,3,1,0.0,5.0,6.0,67.0,0.0,1.0,3.0,10.0,8.0,0.0,18.0,18.0,15.0,4.0,6.0,5.0,0.0,0.0,0,,0.0,0.0,0.0,,,,,,0.0,,0,0,4,2.0,0,159,26.5,0.0,13.0,8.0,0.0,4.0
784,Allan Saint-Maximin,['Newcastle United'],26,10,8,,,13.0,,,14.0,9.0,4.0,1.0,,,,,,,,,,3,0.12,1.0,2.0,0.0,0.0,0.0,46.0,21.0,46.0,2.0,4.0,0,0,18,3.0,4,431,16.58,8.0,45.0,,,
785,Romain Saïss,['Wolverhampton Wanderers'],33,14,9,,,55.0,69.0,,5.0,55.0,121.0,66.0,,185.0,205.0,132.0,7.0,120.0,68.0,,0.0,2,0.06,1.0,0.0,1.0,0.0,0.0,24.0,8.0,33.0,0.0,5.0,10,1,43,2.0,1,1628,49.33,2.0,9.0,11.0,1.0,134.0
787,Bukayo Saka,"['Arsenal', 'Arsenal']",26,9,7,,,36.0,,,4.0,12.0,11.0,6.0,,,,,,,,,,1,0.04,0.0,0.0,1.0,0.0,0.0,13.0,4.0,31.0,1.0,1.0,6,0,22,10.0,5,675,25.96,6.0,67.0,,,
788,Mamadou Sakho,['Crystal Palace'],14,4,7,0.0,21.0,7.0,71.0,0.0,0.0,20.0,44.0,21.0,0.0,67.0,30.0,28.0,4.0,17.0,17.0,0.0,1.0,0,,0.0,0.0,0.0,,,,,,0.0,,1,1,3,0.0,0,538,38.43,0.0,0.0,0.0,0.0,28.0
791,Mbwana Samatta,['Aston Villa'],14,2,8,,,6.0,,,5.0,1.0,6.0,2.0,,,,,,,,,,1,0.07,1.0,0.0,0.0,0.0,0.0,17.0,3.0,18.0,0.0,3.0,1,0,9,8.0,0,172,12.29,1.0,3.0,,,
797,Leroy Sané,['Manchester City'],1,1,0,,,0.0,,,1.0,0.0,0.0,0.0,,,,,,,,,,0,0.0,0.0,0.0,0.0,0.0,0.0,2.0,0.0,0.0,0.0,0.0,0,0,0,0.0,0,7,7.0,0.0,0.0,,,
799,Ismaila Sarr,['Watford'],28,7,15,,,11.0,,,14.0,18.0,6.0,3.0,,,,,,,,,,5,0.18,0.0,5.0,0.0,0.0,0.0,44.0,13.0,30.0,0.0,6.0,1,0,22,13.0,4,492,17.57,9.0,99.0,,,
801,Fabian Schär,['Newcastle United'],22,5,14,4.0,37.0,39.0,54.0,0.0,5.0,47.0,72.0,30.0,1.0,112.0,113.0,95.0,16.0,34.0,34.0,0.0,2.0,2,,0.0,1.0,1.0,,,,,,0.0,,5,0,29,2.0,0,761,34.59,0.0,12.0,8.0,1.0,94.0
802,Ezequiel Schelotto,"['Brighton and Hove Albion', 'Brighton and Hove Albion', 'Brighton and Hove Albion']",8,3,2,0.0,7.0,4.0,75.0,0.0,2.0,7.0,13.0,7.0,0.0,25.0,19.0,24.0,5.0,6.0,2.0,0.0,0.0,0,,0.0,0.0,0.0,,,,,,0.0,,2,0,7,1.0,0,121,15.13,0.0,15.0,7.0,0.0,3.0
803,Jeffrey Schlupp,['Crystal Palace'],17,6,8,1.0,16.0,18.0,50.0,0.0,6.0,13.0,10.0,6.0,0.0,42.0,63.0,77.0,13.0,20.0,24.0,0.0,0.0,3,,0.0,1.0,2.0,,,,,,0.0,,2,0,17,1.0,1,314,18.47,2.0,9.0,22.0,1.0,9.0
804,Kasper Schmeichel,['Leicester City'],38,18,12,13.0,41.0,,,,,,,,,,,,,,,0.0,1.0,0,,,,,,,,,,,,2,0,0,,0,1033,27.18,,,,,248.0
805,Morgan Schneiderlin,['Everton'],15,4,9,,,31.0,71.0,,1.0,21.0,19.0,9.0,,55.0,52.0,48.0,3.0,17.0,11.0,,0.0,0,0.0,0.0,0.0,0.0,0.0,0.0,6.0,0.0,0.0,0.0,0.0,4,1,18,0.0,0,561,37.4,0.0,8.0,13.0,1.0,54.0
806,Sean Longstaff,['Newcastle United'],23,7,11,,,35.0,54.0,,7.0,19.0,20.0,7.0,,73.0,85.0,93.0,7.0,17.0,21.0,,1.0,1,0.04,0.0,0.0,1.0,0.0,0.0,25.0,7.0,28.0,0.0,0.0,2,1,17,0.0,1,631,27.43,2.0,33.0,24.0,1.0,34.0
810,Xherdan Shaqiri,['Liverpool'],7,6,1,,,1.0,0.0,,2.0,0.0,0.0,0.0,,15.0,9.0,14.0,2.0,3.0,4.0,,0.0,1,0.14,0.0,0.0,1.0,0.0,0.0,4.0,1.0,25.0,0.0,0.0,0,0,1,1.0,0,97,13.86,0.0,6.0,50.0,0.0,8.0
811,Billy Sharp,['Sheffield United'],25,7,10,,,6.0,,,3.0,1.0,2.0,2.0,,,,,,,,,,3,0.12,1.0,1.0,1.0,0.0,0.0,16.0,7.0,44.0,1.0,5.0,1,1,20,11.0,2,212,8.48,5.0,11.0,,,
812,Luke Shaw,['Manchester United'],24,12,5,7.0,15.0,34.0,53.0,0.0,4.0,24.0,51.0,30.0,0.0,92.0,96.0,72.0,22.0,30.0,23.0,0.0,0.0,0,,0.0,0.0,0.0,,,,,,0.0,,7,0,23,4.0,0,1143,47.63,1.0,38.0,24.0,1.0,13.0
813,Jonjo Shelvey,['Newcastle United'],26,9,10,,,29.0,66.0,,15.0,23.0,35.0,20.0,,139.0,67.0,78.0,15.0,17.0,13.0,,0.0,6,0.23,1.0,4.0,1.0,0.0,1.0,45.0,14.0,31.0,2.0,1.0,3,0,19,1.0,2,1044,40.15,7.0,89.0,25.0,5.0,143.0
815,Djibril Sidibé,"['Everton (Loan)', 'Everton (Loan)']",25,9,10,4.0,30.0,83.0,53.0,2.0,5.0,40.0,33.0,15.0,0.0,148.0,144.0,106.0,14.0,30.0,32.0,0.0,0.0,0,,0.0,0.0,0.0,,,,,,0.0,,3,0,24,2.0,4,948,37.92,4.0,68.0,26.0,5.0,54.0
816,Gylfi Sigurdsson,['Everton'],35,13,15,,,50.0,52.0,,20.0,37.0,15.0,3.0,,147.0,103.0,147.0,16.0,14.0,24.0,,1.0,2,0.06,0.0,2.0,0.0,1.0,0.0,46.0,14.0,30.0,1.0,3.0,3,0,34,2.0,3,1019,29.11,5.0,131.0,28.0,3.0,47.0
817,David Silva,"['Manchester City', 'Manchester City']",27,19,5,,,26.0,54.0,,15.0,13.0,5.0,1.0,,86.0,86.0,85.0,33.0,7.0,20.0,,0.0,6,0.22,0.0,1.0,5.0,0.0,2.0,47.0,18.0,38.0,1.0,4.0,0,0,20,3.0,10,1483,54.93,11.0,33.0,9.0,12.0,30.0
819,Jack Simpson,['AFC Bournemouth'],4,0,3,0.0,6.0,5.0,40.0,0.0,1.0,2.0,12.0,4.0,0.0,18.0,14.0,12.0,4.0,4.0,2.0,0.0,1.0,0,,0.0,0.0,0.0,,,,,,0.0,,0,0,1,0.0,0,93,23.25,0.0,0.0,0.0,0.0,1.0
822,Moussa Sissoko,['Tottenham Hotspur'],29,13,8,,,39.0,64.0,,3.0,27.0,35.0,15.0,,204.0,121.0,144.0,40.0,26.0,26.0,,0.0,2,0.07,0.0,2.0,0.0,0.0,0.0,15.0,4.0,27.0,1.0,3.0,8,0,44,2.0,1,1246,42.97,1.0,23.0,9.0,3.0,36.0
824,Oliver Skipp,"['Tottenham Hotspur', 'Tottenham Hotspur', 'Tottenham Hotspur']",7,4,0,,,2.0,100.0,,0.0,0.0,0.0,0.0,,5.0,2.0,7.0,0.0,0.0,2.0,,0.0,0,0.0,0.0,0.0,0.0,0.0,0.0,0.0,0.0,0.0,0.0,0.0,0,0,1,0.0,0,38,5.43,0.0,0.0,0.0,0.0,2.0
828,William Smallbone,"['Southampton', 'Southampton U21', 'Southampton']",9,5,1,,,10.0,,,2.0,1.0,1.0,1.0,,,,,,,,,,0,0.0,0.0,0.0,0.0,0.0,0.0,6.0,0.0,0.0,1.0,0.0,0,0,2,0.0,2,206,22.89,0.0,5.0,,,
830,Adam Smith,['AFC Bournemouth'],24,5,14,3.0,40.0,47.0,68.0,0.0,1.0,25.0,48.0,19.0,0.0,92.0,145.0,119.0,24.0,35.0,29.0,0.0,0.0,0,,0.0,0.0,0.0,,,,,,0.0,,7,0,25,2.0,1,841,35.04,2.0,28.0,21.0,0.0,26.0
831,Emile Smith Rowe,"['Arsenal', 'Arsenal', 'Arsenal']",2,0,1,,,1.0,100.0,,0.0,1.0,2.0,2.0,,5.0,4.0,4.0,2.0,0.0,0.0,,0.0,0,0.0,0.0,0.0,0.0,0.0,0.0,0.0,0.0,0.0,0.0,0.0,0,0,0,0.0,0,35,17.5,0.0,1.0,0.0,0.0,0.0
832,Robert Snodgrass,['West Ham United'],24,6,14,,,29.0,55.0,,5.0,4.0,11.0,8.0,,101.0,94.0,118.0,19.0,15.0,27.0,,0.0,5,0.21,0.0,0.0,5.0,0.0,0.0,21.0,10.0,48.0,1.0,2.0,4,0,20,4.0,5,505,21.04,5.0,136.0,29.0,3.0,17.0
833,Sokratis,['Arsenal'],19,7,4,4.0,25.0,25.0,64.0,0.0,2.0,17.0,67.0,39.0,1.0,71.0,100.0,62.0,5.0,59.0,28.0,0.0,1.0,2,,0.0,2.0,0.0,,,,,,1.0,,6,0,19,1.0,0,1029,54.16,2.0,1.0,0.0,1.0,70.0
834,Dominic Solanke,"['AFC Bournemouth', 'Liverpool']",32,7,21,,,8.0,,,14.0,8.0,16.0,10.0,,,,,,,,,,3,0.09,1.0,2.0,0.0,0.0,0.0,32.0,8.0,25.0,2.0,6.0,1,0,15,4.0,1,431,13.47,1.0,6.0,,,
835,Son Heung-Min,['Tottenham Hotspur'],30,14,8,,,23.0,,,19.0,19.0,17.0,10.0,,,,,,,,,,11,0.37,1.0,6.0,4.0,0.0,0.0,81.0,38.0,47.0,3.0,6.0,0,1,17,17.0,10,797,26.57,12.0,77.0,,,
839,Tomas Soucek,"['West Ham United', 'West Ham United (Loan)', 'West Ham United (Loan)']",13,3,6,,,29.0,52.0,,4.0,22.0,34.0,21.0,,48.0,108.0,69.0,0.0,71.0,40.0,,0.0,3,0.23,2.0,0.0,1.0,0.0,0.0,20.0,8.0,40.0,0.0,3.0,0,0,11,0.0,0,394,30.31,0.0,2.0,0.0,0.0,15.0
840,Çaglar Söyüncü,['Leicester City'],34,16,10,12.0,33.0,60.0,67.0,0.0,0.0,43.0,151.0,73.0,1.0,195.0,202.0,117.0,17.0,109.0,64.0,0.0,0.0,1,,1.0,0.0,0.0,,,,,,0.0,,4,1,30,1.0,1,2319,68.21,1.0,4.0,0.0,0.0,111.0
844,Dennis Srbeny,['Norwich City'],8,2,5,,,5.0,,,0.0,0.0,1.0,1.0,,,,,,,,,,1,0.13,0.0,0.0,1.0,0.0,0.0,2.0,1.0,50.0,0.0,0.0,0,0,1,0.0,0,18,2.25,0.0,0.0,,,
845,Jack Stacey,['AFC Bournemouth'],19,4,11,1.0,27.0,21.0,52.0,0.0,0.0,18.0,54.0,34.0,0.0,88.0,74.0,62.0,16.0,27.0,20.0,0.0,0.0,0,,0.0,0.0,0.0,,,,,,0.0,,2,0,10,1.0,2,601,31.63,4.0,36.0,11.0,1.0,28.0
846,Junior Stanislas,['AFC Bournemouth'],15,2,11,,,10.0,70.0,,7.0,4.0,5.0,3.0,,43.0,33.0,32.0,11.0,8.0,8.0,,0.0,3,0.2,0.0,3.0,0.0,1.0,0.0,18.0,7.0,39.0,1.0,0.0,1,0,5,1.0,0,261,17.4,0.0,37.0,19.0,2.0,4.0
849,Jed Steer,['Aston Villa'],1,0,1,0.0,0.0,,,,,,,,,,,,,,,0.0,0.0,0,,,,,,,,,,,,0,0,0,,0,2,2.0,,,,,0.0
853,Dale Stephens,['Brighton and Hove Albion'],33,9,14,,,73.0,60.0,,6.0,58.0,39.0,25.0,,230.0,108.0,129.0,10.0,19.0,22.0,,0.0,0,0.0,0.0,0.0,0.0,0.0,0.0,19.0,2.0,11.0,0.0,0.0,8,0,42,0.0,1,1675,50.76,2.0,4.0,0.0,3.0,110.0
856,Steve Cook,['AFC Bournemouth'],29,6,17,3.0,47.0,22.0,50.0,1.0,4.0,44.0,151.0,76.0,1.0,112.0,153.0,93.0,3.0,115.0,66.0,0.0,0.0,1,,1.0,0.0,0.0,,,,,,1.0,,6,1,16,1.0,0,1271,43.83,1.0,1.0,0.0,0.0,78.0
857,Enda Stevens,['Sheffield United'],38,14,12,12.0,39.0,81.0,57.0,0.0,7.0,35.0,59.0,22.0,0.0,226.0,192.0,186.0,61.0,31.0,32.0,0.0,2.0,2,,1.0,0.0,1.0,,,,,,0.0,,7,0,39,2.0,4,1469,38.66,9.0,123.0,16.0,2.0,70.0
859,Marco Stiepermann,['Norwich City'],24,3,18,,,20.0,40.0,,7.0,5.0,16.0,12.0,,56.0,67.0,127.0,17.0,15.0,56.0,,0.0,0,0.0,0.0,0.0,0.0,0.0,0.0,19.0,6.0,32.0,1.0,0.0,6,0,22,0.0,0,404,16.83,1.0,6.0,0.0,5.0,9.0
860,John Stones,['Manchester City'],16,11,3,3.0,16.0,16.0,63.0,0.0,1.0,9.0,31.0,16.0,0.0,69.0,66.0,30.0,5.0,44.0,24.0,0.0,0.0,0,,0.0,0.0,0.0,,,,,,0.0,,0,0,5,1.0,0,1035,64.69,0.0,0.0,0.0,0.0,52.0
863,Andrew Surman,"['AFC Bournemouth', 'AFC Bournemouth']",5,2,3,,,4.0,50.0,,1.0,1.0,4.0,3.0,,18.0,9.0,11.0,0.0,4.0,6.0,,0.0,0,0.0,0.0,0.0,0.0,0.0,0.0,1.0,0.0,0.0,0.0,0.0,1,0,1,0.0,0,127,25.4,0.0,3.0,67.0,0.0,6.0
864,Sam Surridge,"['AFC Bournemouth', 'AFC Bournemouth']",4,1,3,,,0.0,,,0.0,1.0,0.0,0.0,,,,,,,,,,0,0.0,0.0,0.0,0.0,0.0,0.0,2.0,0.0,0.0,0.0,1.0,0,0,2,0.0,0,9,2.25,0.0,1.0,,,
867,Japhet Tanganga,"['Tottenham Hotspur', 'Tottenham Hotspur U21']",6,1,3,2.0,7.0,17.0,53.0,0.0,1.0,11.0,29.0,21.0,1.0,27.0,45.0,32.0,6.0,18.0,11.0,0.0,1.0,0,,0.0,0.0,0.0,,,,,,0.0,,1,0,8,0.0,0,201,33.5,0.0,2.0,0.0,0.0,6.0
869,Matt Targett,"['Aston Villa', 'Southampton']",28,7,14,4.0,40.0,52.0,56.0,0.0,1.0,56.0,68.0,31.0,0.0,122.0,113.0,121.0,8.0,37.0,38.0,0.0,0.0,1,,0.0,0.0,1.0,,,,,,0.0,,4,0,27,0.0,2,947,33.82,8.0,81.0,27.0,3.0,49.0
870,James Tarkowski,['Burnley'],38,15,14,15.0,50.0,66.0,65.0,1.0,6.0,63.0,200.0,111.0,0.0,180.0,307.0,145.0,13.0,198.0,74.0,0.0,0.0,2,,0.0,1.0,1.0,,,,,,0.0,,10,0,49,3.0,2,1350,35.53,6.0,4.0,0.0,0.0,105.0
873,Neil Taylor,['Aston Villa'],14,3,9,2.0,25.0,16.0,69.0,1.0,1.0,20.0,27.0,8.0,0.0,56.0,33.0,34.0,2.0,9.0,15.0,0.0,0.0,0,,0.0,0.0,0.0,,,,,,0.0,,2,0,8,0.0,0,419,29.93,1.0,9.0,11.0,0.0,15.0
875,Nathan Tella,"['Southampton', 'Southampton', 'Southampton']",1,1,0,,,0.0,0.0,,0.0,0.0,0.0,0.0,,0.0,2.0,1.0,0.0,1.0,1.0,,0.0,0,0.0,0.0,0.0,0.0,0.0,0.0,1.0,1.0,100.0,0.0,0.0,0,0,0,0.0,0,1,1.0,0.0,0.0,0.0,0.0,0.0
876,Alexander Tettey,['Norwich City'],30,5,20,,,23.0,78.0,,10.0,43.0,67.0,28.0,,165.0,80.0,89.0,15.0,36.0,29.0,,0.0,1,0.03,0.0,0.0,1.0,0.0,0.0,23.0,4.0,17.0,2.0,0.0,5,0,21,0.0,1,1293,43.1,1.0,4.0,25.0,1.0,47.0
879,Youri Tielemans,"['Leicester City', 'Leicester City (Loan)']",37,17,12,,,52.0,56.0,,21.0,22.0,12.0,4.0,,188.0,155.0,156.0,29.0,26.0,30.0,,0.0,3,0.08,0.0,2.0,1.0,0.0,0.0,56.0,13.0,23.0,1.0,1.0,2,0,32,1.0,6,1780,48.11,8.0,81.0,19.0,13.0,99.0
880,Kieran Tierney,['Arsenal'],15,6,5,1.0,16.0,20.0,80.0,0.0,1.0,9.0,30.0,10.0,0.0,60.0,53.0,35.0,12.0,9.0,15.0,0.0,0.0,1,,0.0,0.0,1.0,,,,,,0.0,,2,0,8,0.0,1,441,29.4,1.0,44.0,18.0,0.0,18.0
883,James Tomkins,['Crystal Palace'],18,3,8,3.0,23.0,29.0,59.0,0.0,0.0,21.0,99.0,42.0,0.0,82.0,100.0,53.0,1.0,60.0,32.0,0.0,0.0,1,,1.0,0.0,0.0,,,,,,0.0,,5,0,14,1.0,1,671,37.28,0.0,1.0,0.0,1.0,46.0
884,Fikayo Tomori,['Chelsea'],15,9,4,4.0,18.0,29.0,55.0,1.0,1.0,22.0,42.0,19.0,0.0,95.0,78.0,47.0,9.0,34.0,28.0,0.0,0.0,1,,0.0,1.0,0.0,,,,,,0.0,,3,0,7,1.0,0,1151,76.73,0.0,4.0,25.0,3.0,42.0
886,Lucas Torreira,['Arsenal'],29,10,6,,,31.0,52.0,,4.0,34.0,22.0,10.0,,107.0,101.0,81.0,17.0,11.0,21.0,,0.0,1,0.03,0.0,1.0,0.0,0.0,0.0,21.0,6.0,29.0,0.0,1.0,7,0,24,0.0,1,903,31.14,0.0,12.0,25.0,2.0,34.0
887,Cenk Tosun,"['Crystal Palace (Loan)', 'Everton', 'Everton (Loan)', 'Everton']",10,3,3,,,4.0,,,3.0,0.0,2.0,2.0,,,,,,,,,,2,0.2,2.0,0.0,0.0,0.0,0.0,15.0,5.0,33.0,0.0,1.0,0,0,8,2.0,0,98,9.8,1.0,4.0,,,
888,Andros Townsend,['Crystal Palace'],24,7,13,,,34.0,62.0,,4.0,15.0,6.0,2.0,,97.0,102.0,92.0,38.0,5.0,11.0,,1.0,1,0.04,0.0,0.0,1.0,0.0,0.0,12.0,5.0,42.0,0.0,0.0,0,0,9,1.0,1,393,16.38,3.0,67.0,24.0,1.0,11.0
889,Adama Traoré,['Wolverhampton Wanderers'],37,15,9,,,33.0,,,15.0,13.0,13.0,8.0,,,,,,,,,,4,0.11,0.0,4.0,0.0,0.0,0.0,43.0,12.0,28.0,2.0,4.0,1,0,39,6.0,9,713,19.27,10.0,183.0,,,
890,Mark Travers,['AFC Bournemouth'],1,0,1,0.0,3.0,,,,,,,,,,,,,,,0.0,1.0,0,,,,,,,,,,,,0,0,0,,0,25,25.0,,,,,2.0
891,Trézéguet,['Aston Villa'],34,8,19,,,38.0,42.0,,22.0,25.0,14.0,9.0,,79.0,128.0,166.0,30.0,29.0,44.0,,0.0,6,0.18,0.0,5.0,1.0,0.0,0.0,50.0,17.0,34.0,2.0,3.0,2,1,35,6.0,1,364,10.71,0.0,67.0,16.0,0.0,9.0
893,Leandro Trossard,['Brighton and Hove Albion'],31,6,13,,,22.0,,,8.0,9.0,6.0,2.0,,,,,,,,,,5,0.16,0.0,3.0,2.0,0.0,0.0,41.0,12.0,29.0,2.0,8.0,0,0,14,4.0,3,710,22.9,5.0,75.0,,,
895,Tom Trybull,['Norwich City'],16,2,10,,,39.0,64.0,,3.0,16.0,32.0,14.0,,63.0,79.0,92.0,6.0,24.0,15.0,,0.0,0,0.0,0.0,0.0,0.0,0.0,0.0,11.0,2.0,18.0,0.0,0.0,2,0,26,2.0,0,615,38.44,0.0,0.0,0.0,0.0,27.0
897,Axel Tuanzebe,"['Aston Villa (Loan)', 'Manchester United']",5,2,1,0.0,3.0,2.0,100.0,0.0,0.0,5.0,4.0,3.0,0.0,15.0,8.0,20.0,0.0,3.0,12.0,0.0,1.0,0,,0.0,0.0,0.0,,,,,,0.0,,0,0,3,0.0,0,136,27.2,0.0,1.0,0.0,0.0,4.0
903,Yan Valery,['Southampton'],11,3,7,0.0,20.0,20.0,35.0,0.0,1.0,13.0,29.0,10.0,0.0,45.0,62.0,64.0,14.0,20.0,17.0,0.0,2.0,0,,0.0,0.0,0.0,,,,,,0.0,,1,0,7,3.0,0,222,20.18,2.0,11.0,18.0,1.0,6.0
904,Jesús Vallejo,['Wolverhampton Wanderers (Loan)'],2,0,1,0.0,6.0,1.0,100.0,0.0,0.0,2.0,7.0,2.0,0.0,11.0,8.0,7.0,1.0,5.0,3.0,0.0,0.0,0,,0.0,0.0,0.0,,,,,,0.0,,1,0,2,0.0,0,118,59.0,0.0,1.0,100.0,0.0,8.0
905,Patrick van Aanholt,['Crystal Palace'],29,11,15,8.0,38.0,43.0,53.0,0.0,9.0,45.0,44.0,22.0,1.0,176.0,83.0,88.0,16.0,17.0,16.0,1.0,0.0,3,,0.0,0.0,3.0,,,,,,1.0,,0,0,9,2.0,2,1216,41.93,5.0,92.0,34.0,2.0,30.0
907,Virgil van Dijk,['Liverpool'],38,32,3,15.0,33.0,23.0,52.0,2.0,5.0,40.0,162.0,83.0,1.0,220.0,239.0,81.0,3.0,191.0,60.0,0.0,1.0,5,,5.0,0.0,0.0,,,,,,1.0,,1,0,16,1.0,1,3259,85.76,2.0,0.0,0.0,7.0,205.0
909,Jamie Vardy,['Leicester City'],35,16,11,,,15.0,,,18.0,2.0,22.0,17.0,,,,,,,,,,23,0.66,3.0,11.0,9.0,4.0,0.0,89.0,43.0,48.0,4.0,18.0,2,0,20,28.0,5,442,12.63,12.0,31.0,,,
910,Indiana Vassilev,"['Aston Villa', 'Aston Villa']",4,1,2,,,0.0,,,0.0,0.0,0.0,0.0,,,,,,,,,,0,0.0,0.0,0.0,0.0,0.0,0.0,1.0,0.0,0.0,0.0,0.0,0,0,0,2.0,0,11,2.75,0.0,0.0,,,
912,Jan Vertonghen,"['Tottenham Hotspur', 'Tottenham Hotspur']",23,10,7,4.0,24.0,40.0,60.0,0.0,1.0,33.0,66.0,32.0,0.0,108.0,121.0,52.0,5.0,59.0,25.0,0.0,0.0,1,,1.0,0.0,0.0,,,,,,0.0,,2,0,7,0.0,1,1101,47.87,2.0,19.0,5.0,0.0,40.0
913,Jannik Vestergaard,['Southampton'],19,6,10,4.0,26.0,19.0,63.0,0.0,2.0,26.0,97.0,50.0,0.0,80.0,112.0,58.0,3.0,81.0,29.0,0.0,0.0,1,,1.0,0.0,0.0,,,,,,1.0,,3,0,9,0.0,0,822,43.26,1.0,1.0,100.0,0.0,42.0
916,Jake Vokins,"['Southampton', 'Southampton U21', 'Southampton']",1,0,0,0.0,1.0,2.0,100.0,0.0,0.0,0.0,1.0,0.0,0.0,1.0,3.0,2.0,0.0,0.0,0.0,0.0,0.0,0,,0.0,0.0,0.0,,,,,,0.0,,0,0,0,0.0,0,58,58.0,0.0,1.0,0.0,0.0,3.0
918,Mario Vrancic,['Norwich City'],20,1,15,,,27.0,59.0,,5.0,10.0,3.0,2.0,,46.0,53.0,46.0,5.0,8.0,9.0,,1.0,1,0.05,0.0,1.0,0.0,0.0,0.0,14.0,3.0,21.0,0.0,2.0,3,0,13,1.0,0,452,22.6,1.0,6.0,0.0,3.0,16.0
919,Matej Vydra,['Burnley'],19,6,7,,,4.0,75.0,,1.0,1.0,6.0,4.0,,16.0,41.0,70.0,6.0,19.0,47.0,,0.0,2,0.11,0.0,1.0,1.0,0.0,0.0,18.0,10.0,56.0,1.0,7.0,0,0,1,3.0,1,136,7.16,1.0,3.0,0.0,2.0,0.0
920,Theo Walcott,['Everton'],25,10,10,,,13.0,,,12.0,8.0,1.0,0.0,,,,,,,,,,2,0.08,1.0,1.0,0.0,0.0,0.0,31.0,10.0,32.0,1.0,5.0,1,0,9,10.0,3,354,14.16,7.0,42.0,,,
921,Kyle Walker,['Manchester City'],29,20,7,10.0,24.0,28.0,64.0,0.0,5.0,28.0,35.0,15.0,1.0,144.0,96.0,99.0,23.0,30.0,33.0,0.0,0.0,1,,0.0,0.0,1.0,,,,,,0.0,,5,0,27,3.0,4,1939,66.86,1.0,54.0,19.0,1.0,125.0
922,Kyle Walker-Peters,"['Southampton', 'Southampton (Loan)', 'Tottenham Hotspur', 'Tottenham Hotspur']",13,6,3,2.0,12.0,21.0,62.0,0.0,2.0,17.0,22.0,10.0,0.0,75.0,77.0,53.0,22.0,9.0,19.0,0.0,0.0,0,,0.0,0.0,0.0,,,,,,0.0,,1,0,7,2.0,0,532,40.92,2.0,19.0,5.0,0.0,14.0
925,Aaron Wan-Bissaka,"['Manchester United', 'Crystal Palace']",35,17,7,11.0,33.0,129.0,62.0,0.0,2.0,66.0,58.0,26.0,0.0,179.0,226.0,148.0,54.0,24.0,35.0,0.0,0.0,0,,0.0,0.0,0.0,,,,,,0.0,,8,0,21,1.0,4,1651,47.17,4.0,103.0,14.0,2.0,33.0
926,Victor Wanyama,['Tottenham Hotspur'],2,1,1,,,0.0,0.0,,0.0,0.0,0.0,0.0,,4.0,3.0,1.0,1.0,1.0,0.0,,0.0,0,0.0,0.0,0.0,0.0,0.0,0.0,0.0,0.0,0.0,0.0,0.0,1,0,1,0.0,0,19,9.5,0.0,0.0,0.0,0.0,1.0
928,James Ward-Prowse,['Southampton'],38,15,16,,,92.0,52.0,,14.0,60.0,71.0,38.0,,249.0,218.0,202.0,14.0,73.0,65.0,,0.0,5,0.13,0.0,4.0,1.0,1.0,2.0,57.0,26.0,46.0,1.0,5.0,9,0,57,0.0,3,1666,43.84,7.0,267.0,22.0,2.0,81.0
931,Kelland Watts,"['Newcastle United', 'Newcastle United', 'Newcastle United', 'Newcastle United U21']",1,0,1,0.0,1.0,1.0,0.0,0.0,0.0,0.0,0.0,0.0,0.0,1.0,1.0,0.0,0.0,0.0,0.0,0.0,0.0,0,,0.0,0.0,0.0,,,,,,0.0,,0,0,0,0.0,0,3,3.0,0.0,0.0,0.0,0.0,0.0
932,Adam Webster,['Brighton and Hove Albion'],31,7,12,5.0,44.0,30.0,57.0,0.0,3.0,45.0,107.0,53.0,0.0,177.0,170.0,104.0,14.0,111.0,65.0,1.0,1.0,3,,2.0,1.0,0.0,,,,,,0.0,,4,0,13,0.0,1,1880,60.65,2.0,6.0,33.0,1.0,114.0
933,Danny Welbeck,"['Watford', 'Arsenal']",18,2,12,,,14.0,,,4.0,5.0,5.0,4.0,,,,,,,,,,2,0.11,0.0,1.0,1.0,0.0,0.0,22.0,9.0,41.0,0.0,5.0,0,0,9,2.0,0,165,9.17,0.0,1.0,,,
935,Wesley,['Aston Villa'],21,6,12,,,15.0,,,8.0,4.0,23.0,18.0,,,,,,,,,,5,0.24,0.0,5.0,0.0,0.0,0.0,35.0,18.0,51.0,1.0,5.0,3,0,43,14.0,1,367,17.48,1.0,7.0,,,
936,Ashley Westwood,['Burnley'],35,15,11,,,54.0,61.0,,5.0,32.0,26.0,8.0,,262.0,110.0,112.0,8.0,16.0,26.0,,0.0,2,0.06,0.0,2.0,0.0,0.0,0.0,13.0,3.0,23.0,0.0,0.0,9,0,33,1.0,6,1741,49.74,11.0,146.0,27.0,4.0,116.0
940,Connor Wickham,"['Crystal Palace', 'Crystal Palace']",6,1,2,,,1.0,,,0.0,1.0,0.0,0.0,,,,,,,,,,1,0.17,0.0,1.0,0.0,0.0,0.0,3.0,2.0,67.0,0.0,1.0,0,0,4,1.0,1,46,7.67,1.0,0.0,,,
941,Georginio Wijnaldum,['Liverpool'],37,31,3,,,38.0,53.0,,5.0,17.0,33.0,18.0,,189.0,141.0,158.0,41.0,30.0,51.0,,0.0,4,0.11,1.0,3.0,0.0,0.0,0.0,36.0,15.0,42.0,0.0,2.0,0,0,15,1.0,0,1625,43.92,0.0,5.0,20.0,0.0,41.0
943,Jetro Willems,['Newcastle United (Loan)'],19,6,8,2.0,24.0,37.0,51.0,0.0,5.0,17.0,38.0,22.0,0.0,95.0,97.0,65.0,21.0,22.0,16.0,0.0,0.0,2,,0.0,2.0,0.0,,,,,,0.0,,0,0,10,1.0,2,429,22.58,2.0,32.0,16.0,1.0,9.0
945,Willian,"['Chelsea', 'Chelsea']",36,19,11,,,45.0,,,23.0,20.0,7.0,3.0,,,,,,,,,,9,0.25,0.0,9.0,0.0,4.0,1.0,71.0,29.0,41.0,1.0,4.0,4,0,17,4.0,7,1436,39.89,12.0,174.0,,,
946,Joseph Willock,['Arsenal'],29,10,10,,,25.0,64.0,,3.0,4.0,9.0,4.0,,62.0,67.0,63.0,21.0,8.0,14.0,,0.0,1,0.03,0.0,1.0,0.0,0.0,0.0,15.0,5.0,33.0,0.0,2.0,2,0,10,0.0,1,343,11.83,1.0,9.0,22.0,2.0,13.0
948,Jack Wilshere,['West Ham United'],8,3,3,,,1.0,0.0,,0.0,1.0,0.0,0.0,,11.0,16.0,18.0,1.0,6.0,1.0,,0.0,0,0.0,0.0,0.0,0.0,0.0,0.0,0.0,0.0,0.0,0.0,0.0,0,0,1,0.0,0,75,9.38,0.0,0.0,0.0,0.0,1.0
949,Callum Wilson,"['AFC Bournemouth', 'AFC Bournemouth']",35,8,20,,,12.0,,,10.0,4.0,16.0,12.0,,,,,,,,,,8,0.23,1.0,5.0,2.0,0.0,0.0,55.0,21.0,38.0,0.0,10.0,10,0,55,32.0,1,510,14.57,4.0,27.0,,,
950,Harry Winks,['Tottenham Hotspur'],31,15,8,,,40.0,60.0,,4.0,36.0,30.0,9.0,,162.0,92.0,90.0,15.0,14.0,8.0,,0.0,0,0.0,0.0,0.0,0.0,0.0,0.0,14.0,2.0,14.0,0.0,0.0,9,0,24,0.0,0,1694,54.65,1.0,28.0,21.0,5.0,78.0
953,Chris Wood,['Burnley'],32,12,11,,,7.0,,,8.0,4.0,18.0,14.0,,,,,,,,,,14,0.44,5.0,4.0,5.0,1.0,0.0,65.0,31.0,48.0,0.0,20.0,1,0,34,35.0,1,460,14.38,1.0,8.0,,,
959,Granit Xhaka,['Arsenal'],31,13,6,,,45.0,56.0,,3.0,21.0,55.0,36.0,,195.0,147.0,158.0,25.0,45.0,55.0,,0.0,1,0.03,0.0,0.0,1.0,0.0,0.0,11.0,3.0,27.0,0.0,0.0,10,0,56,0.0,2,1903,61.39,1.0,16.0,19.0,4.0,126.0
961,Andriy Yarmolenko,['West Ham United'],23,8,8,,,13.0,,,4.0,6.0,4.0,3.0,,,,,,,,,,5,0.22,0.0,0.0,5.0,0.0,0.0,26.0,13.0,50.0,1.0,2.0,2,0,16,8.0,1,403,17.52,6.0,20.0,,,
962,DeAndre Yedlin,['Newcastle United'],16,6,8,1.0,18.0,18.0,72.0,0.0,0.0,10.0,16.0,6.0,1.0,38.0,36.0,39.0,1.0,8.0,13.0,0.0,0.0,1,,1.0,0.0,0.0,,,,,,0.0,,3,0,8,2.0,0,246,15.38,0.0,28.0,21.0,0.0,13.0
963,Maya Yoshida,"['Southampton', 'Southampton']",8,2,4,1.0,18.0,8.0,63.0,0.0,0.0,4.0,25.0,14.0,0.0,33.0,27.0,16.0,1.0,14.0,7.0,0.0,0.0,0,,0.0,0.0,0.0,,,,,,0.0,,1,0,3,0.0,0,267,33.38,0.0,0.0,0.0,0.0,15.0
964,Ashley Young,['Manchester United'],12,5,4,2.0,10.0,14.0,50.0,0.0,0.0,11.0,22.0,12.0,0.0,59.0,50.0,47.0,7.0,14.0,7.0,0.0,0.0,0,,0.0,0.0,0.0,,,,,,0.0,,5,0,14,0.0,0,571,47.58,2.0,62.0,35.0,0.0,27.0
965,Pablo Zabaleta,['West Ham United'],10,1,6,0.0,14.0,18.0,56.0,0.0,0.0,14.0,16.0,9.0,0.0,27.0,37.0,28.0,2.0,8.0,12.0,0.0,0.0,0,,0.0,0.0,0.0,,,,,,0.0,,2,0,7,0.0,0,249,24.9,1.0,16.0,6.0,0.0,6.0
966,Wilfried Zaha,['Crystal Palace'],38,11,17,,,43.0,,,22.0,18.0,2.0,2.0,,,,,,,,,,4,0.11,0.0,2.0,2.0,0.0,0.0,61.0,17.0,28.0,1.0,5.0,5,0,48,16.0,3,1094,28.79,4.0,68.0,,,
971,Christoph Zimmermann,['Norwich City'],17,2,10,3.0,27.0,32.0,66.0,1.0,1.0,19.0,87.0,52.0,0.0,79.0,73.0,44.0,5.0,27.0,22.0,0.0,0.0,0,,0.0,0.0,0.0,,,,,,0.0,,3,0,9,0.0,1,661,38.88,0.0,0.0,0.0,0.0,46.0
972,Oleksandr Zinchenko,['Manchester City'],19,12,6,,,31.0,61.0,,7.0,17.0,19.0,13.0,,82.0,62.0,64.0,3.0,26.0,22.0,,1.0,0,0.0,0.0,0.0,0.0,0.0,0.0,16.0,3.0,19.0,0.0,0.0,0,1,13,1.0,0,1210,63.68,2.0,52.0,25.0,1.0,32.0
973,Richairo Zivkovic,"['Sheffield United (Loan)', 'Sheffield United (Loan)']",5,1,4,,,2.0,,,1.0,0.0,0.0,0.0,,,,,,,,,,0,0.0,0.0,0.0,0.0,0.0,0.0,1.0,0.0,0.0,0.0,0.0,0,0,1,0.0,0,18,3.6,0.0,1.0,,,
975,Kurt Zouma,"['Everton (Loan)', 'Chelsea']",28,15,10,7.0,37.0,23.0,61.0,3.0,1.0,58.0,112.0,60.0,0.0,150.0,150.0,80.0,8.0,106.0,38.0,1.0,0.0,0,,0.0,0.0,0.0,,,,,,0.0,,6,0,30,1.0,0,2080,74.29,0.0,0.0,0.0,0.0,139.0
